Journal name,ISSN,eISSN,Category,Total Citations,2020 JIF,Eigenfactor
CA-A CANCER JOURNAL FOR CLINICIANS,0007-9235,1542-4863,"ONCOLOGY - SCIE","55,868",508.702,0.10514,
NATURE REVIEWS MOLECULAR CELL BIOLOGY,1471-0072,1471-0080,"CELL BIOLOGY - SCIE","58,477",94.444,0.07548,
NEW ENGLAND JOURNAL OF MEDICINE,0028-4793,1533-4406,"MEDICINE, GENERAL & INTERNAL - SCIE","464,351",91.245,0.63118,
NATURE REVIEWS DRUG DISCOVERY,1474-1776,1474-1784,"PHARMACOLOGY & PHARMACY - SCIE; BIOTECHNOLOGY & APPLIED MICROBIOLOGY - SCIE","41,989",84.694,0.04822,
LANCET,0140-6736,1474-547X,"MEDICINE, GENERAL & INTERNAL - SCIE","369,601",79.321,0.44524,
Nature Reviews Clinical Oncology,1759-4774,1759-4782,"ONCOLOGY - SCIE","17,973",66.675,0.03876,
Nature Reviews Materials,2058-8437,2058-8437,"NANOSCIENCE & NANOTECHNOLOGY - SCIE; MATERIALS SCIENCE, MULTIDISCIPLINARY - SCIE","19,887",66.308,0.05677,
Nature Energy,2058-7546,2058-7546,"ENERGY & FUELS - SCIE; MATERIALS SCIENCE, MULTIDISCIPLINARY - SCIE","28,166",60.858,0.08007,
NATURE REVIEWS CANCER,1474-175X,1474-1768,"ONCOLOGY - SCIE","62,391",60.716,0.05917,
NATURE REVIEWS MICROBIOLOGY,1740-1526,1740-1534,"MICROBIOLOGY - SCIE","43,313",60.633,0.05415,
CHEMICAL REVIEWS,0009-2665,1520-6890,"CHEMISTRY, MULTIDISCIPLINARY - SCIE","224,417",60.622,0.21618,
MMWR Surveillance Summaries,1545-8636,1545-8636,"PUBLIC, ENVIRONMENTAL & OCCUPATIONAL HEALTH - SCIE","3,806",58.769,0.01298,
JAMA-JOURNAL OF THE AMERICAN MEDICAL ASSOCIATION,0098-7484,1538-3598,"MEDICINE, GENERAL & INTERNAL - SCIE","224,147",56.272,0.27975,
MMWR Recommendations and Reports,1057-5987,1545-8601,"PUBLIC, ENVIRONMENTAL & OCCUPATIONAL HEALTH - SCIE","3,288",55.857,0.01123,
NATURE BIOTECHNOLOGY,1087-0156,1546-1696,"BIOTECHNOLOGY & APPLIED MICROBIOLOGY - SCIE","78,786",54.908,0.14567,
CHEMICAL SOCIETY REVIEWS,0306-0012,1460-4744,"CHEMISTRY, MULTIDISCIPLINARY - SCIE","173,170",54.564,0.17657,
REVIEWS OF MODERN PHYSICS,0034-6861,1539-0756,"PHYSICS, MULTIDISCIPLINARY - SCIE","58,097",54.494,0.04506,
NATURE MEDICINE,1078-8956,1546-170X,"BIOCHEMISTRY & MOLECULAR BIOLOGY - SCIE; CELL BIOLOGY - SCIE; MEDICINE, RESEARCH & EXPERIMENTAL - SCIE","114,401",53.440,0.18405,
NATURE REVIEWS GENETICS,1471-0056,1471-0064,"GENETICS & HEREDITY - SCIE","42,803",53.242,0.05893,
NATURE REVIEWS IMMUNOLOGY,1474-1733,1474-1741,"IMMUNOLOGY - SCIE","55,784",53.106,0.06392,
Nature Reviews Disease Primers,2056-676X,2056-676X,"MEDICINE, GENERAL & INTERNAL - SCIE","14,221",52.329,0.04355,
NATURE,0028-0836,1476-4687,"MULTIDISCIPLINARY SCIENCES - SCIE","915,925",49.962,1.08940,
World Psychiatry,1723-8617,2051-5545,"PSYCHIATRY - SCIE; PSYCHIATRY - SSCI","9,619",49.548,0.02003,
SCIENCE,0036-8075,1095-9203,"MULTIDISCIPLINARY SCIENCES - SCIE","814,971",47.728,0.89576,
Nature Reviews Gastroenterology & Hepatology,1759-5045,1759-5053,"GASTROENTEROLOGY & HEPATOLOGY - SCIE","15,358",46.802,0.02860,
JOURNAL OF CLINICAL ONCOLOGY,0732-183X,1527-7755,"ONCOLOGY - SCIE","189,443",44.544,0.24903,
LANCET NEUROLOGY,1474-4422,1474-4465,"CLINICAL NEUROLOGY - SCIE","43,457",44.182,0.05956,
NATURE MATERIALS,1476-1122,1476-4660,"PHYSICS, CONDENSED MATTER - SCIE; CHEMISTRY, PHYSICAL - SCIE; MATERIALS SCIENCE, MULTIDISCIPLINARY - SCIE; PHYSICS, APPLIED - SCIE","112,429",43.841,0.13005,
Nature Reviews Endocrinology,1759-5029,1759-5037,"ENDOCRINOLOGY & METABOLISM - SCIE","15,040",43.330,0.02607,
Nature Reviews Neurology,1759-4758,1759-4766,"CLINICAL NEUROLOGY - SCIE","15,738",42.937,0.02958,
Nature Catalysis,2520-1158,2520-1158,"CHEMISTRY, PHYSICAL - SCIE","9,725",41.813,0.02989,
CELL,0092-8674,1097-4172,"BIOCHEMISTRY & MOLECULAR BIOLOGY - SCIE; CELL BIOLOGY - SCIE","320,407",41.582,0.52696,
LANCET ONCOLOGY,1470-2045,1474-5488,"ONCOLOGY - SCIE","72,804",41.316,0.13853,
Joule,2542-4351,2542-4351,"ENERGY & FUELS - SCIE; CHEMISTRY, PHYSICAL - SCIE; MATERIALS SCIENCE, MULTIDISCIPLINARY - SCIE","17,275",41.248,0.04624,
Living Reviews in Relativity,2367-3613,1433-8351,"PHYSICS, PARTICLES & FIELDS - SCIE","3,407",40.429,0.00296,
BMJ-British Medical Journal,1756-1833,1756-1833,"MEDICINE, GENERAL & INTERNAL - SCIE","158,747",39.890,0.15063,
PROGRESS IN MATERIALS SCIENCE,0079-6425,1873-2208,"MATERIALS SCIENCE, MULTIDISCIPLINARY - SCIE","21,332",39.580,0.01887,
Cancer Discovery,2159-8274,2159-8290,"ONCOLOGY - SCIE","27,030",39.397,0.07246,
Nature Nanotechnology,1748-3387,1748-3395,"NANOSCIENCE & NANOTECHNOLOGY - SCIE; MATERIALS SCIENCE, MULTIDISCIPLINARY - SCIE","75,845",39.213,0.10679,
Nature Photonics,1749-4885,1749-4893,"OPTICS - SCIE; PHYSICS, APPLIED - SCIE","52,833",38.771,0.08110,
Energy & Environmental Science,1754-5692,1754-5706,"ENGINEERING, CHEMICAL - SCIE; ENERGY & FUELS - SCIE; ENVIRONMENTAL SCIENCES - SCIE; CHEMISTRY, MULTIDISCIPLINARY - SCIE","101,688",38.532,0.12908,
NATURE GENETICS,1061-4036,1546-1718,"GENETICS & HEREDITY - SCIE","113,066",38.330,0.18681,
Psychological Science in the Public Interest,1529-1006,1539-6053,"PSYCHOLOGY, MULTIDISCIPLINARY - SSCI","2,337",37.857,0.00351,
PHYSIOLOGICAL REVIEWS,0031-9333,1522-1210,"PHYSIOLOGY - SCIE","35,633",37.312,0.02338,
MATERIALS SCIENCE & ENGINEERING R-REPORTS,0927-796X,1879-212X,"MATERIALS SCIENCE, MULTIDISCIPLINARY - SCIE; PHYSICS, APPLIED - SCIE","8,652",36.214,0.00477,
NATURE REVIEWS NEUROSCIENCE,1471-003X,1471-0048,"NEUROSCIENCES - SCIE","49,897",34.870,0.04889,
Nature Reviews Chemistry,N/A,2397-3358,"CHEMISTRY, MULTIDISCIPLINARY - SCIE","5,750",34.035,0.01752,
Nature Electronics,2520-1131,2520-1131,"ENGINEERING, ELECTRICAL & ELECTRONIC - SCIE","4,455",33.686,0.01448,
ANNALS OF ONCOLOGY,0923-7534,1569-8041,"ONCOLOGY - SCIE","61,542",32.976,0.11718,
Nature Reviews Cardiology,1759-5002,1759-5010,"CARDIAC & CARDIOVASCULAR SYSTEMS - SCIE","11,539",32.419,0.02299,
Lancet Diabetes & Endocrinology,2213-8587,2213-8595,"ENDOCRINOLOGY & METABOLISM - SCIE","14,024",32.069,0.04026,
JAMA Oncology,2374-2437,2374-2445,"ONCOLOGY - SCIE","22,382",31.777,0.08043,
IMMUNITY,1074-7613,1097-4180,"IMMUNOLOGY - SCIE","70,517",31.745,0.12294,
CANCER CELL,1535-6108,1878-3686,"CELL BIOLOGY - SCIE; ONCOLOGY - SCIE","50,839",31.743,0.08104,
Nature Reviews Physics,N/A,2522-5820,"PHYSICS, MULTIDISCIPLINARY - SCIE; PHYSICS, APPLIED - SCIE","1,697",31.068,0.00577,
Materials Today,1369-7021,1873-4103,"MATERIALS SCIENCE, MULTIDISCIPLINARY - SCIE","20,082",31.041,0.02245,
ADVANCED MATERIALS,0935-9648,1521-4095,"NANOSCIENCE & NANOTECHNOLOGY - SCIE; PHYSICS, CONDENSED MATTER - SCIE; CHEMISTRY, PHYSICAL - SCIE; MATERIALS SCIENCE, MULTIDISCIPLINARY - SCIE; CHEMISTRY, MULTIDISCIPLINARY - SCIE; PHYSICS, APPLIED - SCIE","320,972",30.849,0.43145,
Lancet Respiratory Medicine,2213-2600,N/A,"CRITICAL CARE MEDICINE - SCIE; RESPIRATORY SYSTEM - SCIE","22,278",30.700,0.04084,
Annual Review of Astronomy and Astrophysics,0066-4146,1545-4282,"ASTRONOMY & ASTROPHYSICS - SCIE","13,229",30.065,0.01232,
EUROPEAN HEART JOURNAL,0195-668X,1522-9645,"CARDIAC & CARDIOVASCULAR SYSTEMS - SCIE","81,447",29.983,0.14106,
CIRCULATION,0009-7322,1524-4539,"CARDIAC & CARDIOVASCULAR SYSTEMS - SCIE; PERIPHERAL VASCULAR DISEASE - SCIE","190,210",29.690,0.20003,
PROGRESS IN ENERGY AND COMBUSTION SCIENCE,0360-1285,1873-216X,"ENERGY & FUELS - SCIE; ENGINEERING, CHEMICAL - SCIE; THERMODYNAMICS - SCIE; ENGINEERING, MECHANICAL - SCIE","14,154",29.394,0.00952,
Advanced Energy Materials,1614-6832,1614-6840,"ENERGY & FUELS - SCIE; PHYSICS, CONDENSED MATTER - SCIE; CHEMISTRY, PHYSICAL - SCIE; MATERIALS SCIENCE, MULTIDISCIPLINARY - SCIE; PHYSICS, APPLIED - SCIE","93,801",29.368,0.16949,
PROGRESS IN POLYMER SCIENCE,0079-6700,1873-1619,"POLYMER SCIENCE - SCIE","30,309",29.190,0.01506,
Electrochemical Energy Reviews,2520-8489,2520-8136,"ELECTROCHEMISTRY - SCIE","1,341",28.905,0.00271,
NATURE CELL BIOLOGY,1465-7392,1476-4679,"CELL BIOLOGY - SCIE","52,554",28.824,0.07095,
NATURE METHODS,1548-7091,1548-7105,"BIOCHEMICAL RESEARCH METHODS - SCIE","90,805",28.547,0.19705,
Annual Review of Immunology,0732-0582,N/A,"IMMUNOLOGY - SCIE","20,292",28.527,0.01729,
Nature Reviews Nephrology,1759-5061,1759-507X,"UROLOGY & NEPHROLOGY - SCIE","10,033",28.314,0.01984,
Molecular Cancer,N/A,1476-4598,"BIOCHEMISTRY & MOLECULAR BIOLOGY - SCIE; ONCOLOGY - SCIE","24,931",27.401,0.03003,
Cell Metabolism,1550-4131,1932-7420,"ENDOCRINOLOGY & METABOLISM - SCIE; CELL BIOLOGY - SCIE","52,192",27.287,0.09100,
Lancet Psychiatry,2215-0374,N/A,"PSYCHIATRY - SCIE; PSYCHIATRY - SSCI","14,839",27.083,0.03624,
Lancet Global Health,2214-109X,2214-109X,"PUBLIC, ENVIRONMENTAL & OCCUPATIONAL HEALTH - SCIE; PUBLIC, ENVIRONMENTAL & OCCUPATIONAL HEALTH - SSCI","16,662",26.763,0.05165,
Annual Review of Plant Biology,1543-5008,1545-2123,"PLANT SCIENCES - SCIE","24,641",26.379,0.01308,
CLINICAL MICROBIOLOGY REVIEWS,0893-8512,1098-6618,"MICROBIOLOGY - SCIE","25,627",26.132,0.01721,
Journal of Extracellular Vesicles,N/A,2001-3078,"CELL BIOLOGY - SCIE","8,485",25.841,0.01182,
Nature Biomedical Engineering,2157-846X,2157-846X,"ENGINEERING, BIOMEDICAL - SCIE","6,476",25.671,0.02008,
CELL RESEARCH,1001-0602,1748-7838,"CELL BIOLOGY - SCIE","24,108",25.617,0.03440,
NATURE IMMUNOLOGY,1529-2908,1529-2916,"IMMUNOLOGY - SCIE","54,588",25.606,0.08049,
PHYSICS REPORTS-REVIEW SECTION OF PHYSICS LETTERS,0370-1573,1873-6270,"PHYSICS, MULTIDISCIPLINARY - SCIE","32,130",25.600,0.02478,
PHARMACOLOGICAL REVIEWS,0031-6997,1521-0081,"PHARMACOLOGY & PHARMACY - SCIE","14,442",25.468,0.00914,
InfoMat,N/A,2567-3165,"MATERIALS SCIENCE, MULTIDISCIPLINARY - SCIE","1,460",25.405,0.00193,
ANNALS OF INTERNAL MEDICINE,0003-4819,1539-3704,"MEDICINE, GENERAL & INTERNAL - SCIE","72,588",25.391,0.08203,
ADVANCES IN PHYSICS,0001-8732,1460-6976,"PHYSICS, CONDENSED MATTER - SCIE","6,300",25.375,0.00334,
ASTRONOMY AND ASTROPHYSICS REVIEW,0935-4956,1432-0754,"ASTRONOMY & ASTROPHYSICS - SCIE","2,048",25.357,0.00328,
Nature Climate Change,1758-678X,1758-6798,"METEOROLOGY & ATMOSPHERIC SCIENCES - SCIE; ENVIRONMENTAL SCIENCES - SCIE; ENVIRONMENTAL STUDIES - SSCI","36,321",25.290,0.07966,
IEEE Communications Surveys and Tutorials,N/A,1553-877X,"COMPUTER SCIENCE, INFORMATION SYSTEMS - SCIE; TELECOMMUNICATIONS - SCIE","22,146",25.249,0.03684,
Wiley Interdisciplinary Reviews-Computational Molecular Science,1759-0876,1759-0884,"MATHEMATICAL & COMPUTATIONAL BIOLOGY - SCIE; CHEMISTRY, MULTIDISCIPLINARY - SCIE","7,883",25.113,0.00792,
JOURNAL OF HEPATOLOGY,0168-8278,1600-0641,"GASTROENTEROLOGY & HEPATOLOGY - SCIE","52,238",25.083,0.07879,
LANCET INFECTIOUS DISEASES,1473-3099,1474-4457,"INFECTIOUS DISEASES - SCIE","42,483",25.071,0.07007,
NATURE NEUROSCIENCE,1097-6256,1546-1726,"NEUROSCIENCES - SCIE","73,709",24.884,0.12802,
Cell Stem Cell,1934-5909,1875-9777,"CELL BIOLOGY - SCIE; CELL & TISSUE ENGINEERING - SCIE","32,147",24.633,0.06278,
Lancet Digital Health,N/A,2589-7500,"MEDICAL INFORMATICS - SCIE; MEDICINE, GENERAL & INTERNAL - SCIE","1,260",24.519,0.00300,
Nature Chemistry,1755-4330,1755-4349,"CHEMISTRY, MULTIDISCIPLINARY - SCIE","41,139",24.427,0.06942,
Annual Review of Psychology,0066-4308,1545-2085,"PSYCHOLOGY - SCIE; PSYCHOLOGY, MULTIDISCIPLINARY - SSCI","28,065",24.137,0.01897,
JOURNAL OF THE AMERICAN COLLEGE OF CARDIOLOGY,0735-1097,1558-3597,"CARDIAC & CARDIOVASCULAR SYSTEMS - SCIE","125,873",24.094,0.17700,
Trends in Chemistry,N/A,2589-5974,"CHEMISTRY, MULTIDISCIPLINARY - SCIE","1,919",24.081,0.00469,
Science Robotics,2470-9476,2470-9476,"ROBOTICS - SCIE","4,176",23.748,0.01177,
Annual Review of Biochemistry,0066-4154,1545-4509,"BIOCHEMISTRY & MOLECULAR BIOLOGY - SCIE","24,394",23.643,0.02145,
Annual Review of Pathology-Mechanisms of Disease,1553-4006,N/A,"PATHOLOGY - SCIE","6,874",23.472,0.00793,
ACS Energy Letters,2380-8195,2380-8195,"ELECTROCHEMISTRY - SCIE; NANOSCIENCE & NANOTECHNOLOGY - SCIE; ENERGY & FUELS - SCIE; CHEMISTRY, PHYSICAL - SCIE; MATERIALS SCIENCE, MULTIDISCIPLINARY - SCIE","30,194",23.101,0.07268,
GUT,0017-5749,1468-3288,"GASTROENTEROLOGY & HEPATOLOGY - SCIE","58,318",23.059,0.07226,
Chem,2451-9294,2451-9294,"CHEMISTRY, MULTIDISCIPLINARY - SCIE","12,491",22.804,0.03335,
GASTROENTEROLOGY,0016-5085,1528-0012,"GASTROENTEROLOGY & HEPATOLOGY - SCIE","94,870",22.682,0.10675,
ACCOUNTS OF CHEMICAL RESEARCH,0001-4842,1520-4898,"CHEMISTRY, MULTIDISCIPLINARY - SCIE","82,124",22.384,0.09787,
COORDINATION CHEMISTRY REVIEWS,0010-8545,1873-3840,"CHEMISTRY, INORGANIC & NUCLEAR - SCIE","43,025",22.315,0.04026,
BLOOD,0006-4971,1528-0020,"HEMATOLOGY - SCIE","200,027",22.113,0.18725,
REVIEWS OF GEOPHYSICS,8755-1209,1944-9208,"GEOCHEMISTRY & GEOPHYSICS - SCIE","14,864",22.000,0.01276,
Annual Review of Public Health,0163-7525,N/A,"PUBLIC, ENVIRONMENTAL & OCCUPATIONAL HEALTH - SCIE; PUBLIC, ENVIRONMENTAL & OCCUPATIONAL HEALTH - SSCI","9,927",21.981,0.01356,
JAMA Internal Medicine,2168-6106,2168-6114,"MEDICINE, GENERAL & INTERNAL - SCIE","25,002",21.873,0.07706,
Lancet Public Health,2468-2667,2468-2667,"PUBLIC, ENVIRONMENTAL & OCCUPATIONAL HEALTH - SCIE; PUBLIC, ENVIRONMENTAL & OCCUPATIONAL HEALTH - SSCI","5,793",21.648,0.01484,
JAMA Psychiatry,2168-622X,2168-6238,"PSYCHIATRY - SCIE; PSYCHIATRY - SSCI","19,105",21.596,0.05299,
Alzheimers & Dementia,1552-5260,1552-5279,"CLINICAL NEUROLOGY - SCIE","21,824",21.566,0.04594,
AMERICAN JOURNAL OF RESPIRATORY AND CRITICAL CARE MEDICINE,1073-449X,1535-4970,"CRITICAL CARE MEDICINE - SCIE; RESPIRATORY SYSTEM - SCIE","76,608",21.405,0.08631,
PROGRESS IN RETINAL AND EYE RESEARCH,1350-9462,1873-1635,"OPHTHALMOLOGY - SCIE","9,869",21.198,0.01236,
Cell Host & Microbe,1931-3128,1934-6069,"VIROLOGY - SCIE; MICROBIOLOGY - SCIE; PARASITOLOGY - SCIE","28,716",21.023,0.06211,
TRENDS IN CELL BIOLOGY,0962-8924,1879-3088,"CELL BIOLOGY - SCIE","19,007",20.808,0.03012,
Nano Today,1748-0132,1878-044X,"NANOSCIENCE & NANOTECHNOLOGY - SCIE; MATERIALS SCIENCE, MULTIDISCIPLINARY - SCIE; CHEMISTRY, MULTIDISCIPLINARY - SCIE","10,434",20.722,0.01102,
International Review of Sport and Exercise Psychology,1750-984X,1750-9858,"PSYCHOLOGY, APPLIED - SSCI; HOSPITALITY, LEISURE, SPORT & TOURISM - SSCI","1,692",20.652,0.00183,
Nature Reviews Rheumatology,1759-4790,1759-4804,"RHEUMATOLOGY - SCIE","12,069",20.543,0.01862,
FUNGAL DIVERSITY,1560-2745,1878-9129,"MYCOLOGY - SCIE","5,535",20.372,0.00515,
TRENDS IN COGNITIVE SCIENCES,1364-6613,1879-307X,"BEHAVIORAL SCIENCES - SCIE; NEUROSCIENCES - SCIE; PSYCHOLOGY, EXPERIMENTAL - SSCI","33,482",20.229,0.03627,
CATALYSIS REVIEWS-SCIENCE AND ENGINEERING,0161-4940,1520-5703,"CHEMISTRY, PHYSICAL - SCIE","4,133",20.217,0.00144,
Advances in Optics and Photonics,1943-8206,N/A,"OPTICS - SCIE","3,117",20.107,0.00505,
EUROPEAN UROLOGY,0302-2838,1873-7560,"UROLOGY & NEPHROLOGY - SCIE","42,109",20.096,0.06226,
Nature Physics,1745-2473,1745-2481,"PHYSICS, MULTIDISCIPLINARY - SCIE","44,499",20.034,0.09277,
ENDOCRINE REVIEWS,0163-769X,1945-7189,"ENDOCRINOLOGY & METABOLISM - SCIE","17,082",19.871,0.01182,
Annual Review of Entomology,0066-4170,1545-4487,"ENTOMOLOGY - SCIE","16,059",19.686,0.00764,
INTERNATIONAL MATERIALS REVIEWS,0950-6608,1743-2804,"MATERIALS SCIENCE, MULTIDISCIPLINARY - SCIE","7,219",19.559,0.00441,
TRENDS IN BIOTECHNOLOGY,0167-7799,1879-3096,"BIOTECHNOLOGY & APPLIED MICROBIOLOGY - SCIE","20,693",19.536,0.01817,
APPLIED CATALYSIS B-ENVIRONMENTAL,0926-3373,1873-3883,"ENGINEERING, CHEMICAL - SCIE; CHEMISTRY, PHYSICAL - SCIE; ENGINEERING, ENVIRONMENTAL - SCIE","123,618",19.503,0.12707,
Nature Sustainability,2398-9629,2398-9629,"ENVIRONMENTAL SCIENCES - SCIE; ENVIRONMENTAL STUDIES - SSCI; GREEN & SUSTAINABLE SCIENCE & TECHNOLOGY - SSCI","4,664",19.346,0.01337,
Annual Review of Physiology,0066-4278,1545-1585,"PHYSIOLOGY - SCIE","11,515",19.318,0.00994,
Lancet Planetary Health,2542-5196,2542-5196,"ENVIRONMENTAL SCIENCES - SCIE; PUBLIC, ENVIRONMENTAL & OCCUPATIONAL HEALTH - SCIE; PUBLIC, ENVIRONMENTAL & OCCUPATIONAL HEALTH - SSCI","2,540",19.173,0.00859,
Applied Physics Reviews,1931-9401,1931-9401,"PHYSICS, APPLIED - SCIE","5,353",19.162,0.01123,
DIABETES CARE,0149-5992,1935-5548,"ENDOCRINOLOGY & METABOLISM - SCIE","85,997",19.112,0.08410,
ANNALS OF THE RHEUMATIC DISEASES,0003-4967,1468-2060,"RHEUMATOLOGY - SCIE","58,006",19.103,0.06443,
Lancet Haematology,2352-3026,N/A,"HEMATOLOGY - SCIE","5,140",18.959,0.01502,
ADVANCED FUNCTIONAL MATERIALS,1616-301X,1616-3028,"NANOSCIENCE & NANOTECHNOLOGY - SCIE; PHYSICS, CONDENSED MATTER - SCIE; CHEMISTRY, PHYSICAL - SCIE; MATERIALS SCIENCE, MULTIDISCIPLINARY - SCIE; CHEMISTRY, MULTIDISCIPLINARY - SCIE; PHYSICS, APPLIED - SCIE","151,020",18.808,0.20645,
Annual Review of Clinical Psychology,1548-5943,N/A,"PSYCHOLOGY - SCIE; PSYCHOLOGY, CLINICAL - SSCI","8,484",18.561,0.00895,
Annual Review of Fluid Mechanics,0066-4189,1545-4479,"MECHANICS - SCIE; PHYSICS, FLUIDS & PLASMAS - SCIE","14,688",18.511,0.00895,
DRUG RESISTANCE UPDATES,1368-7646,1532-2084,"PHARMACOLOGY & PHARMACY - SCIE","4,315",18.500,0.00418,
Lancet Gastroenterology & Hepatology,N/A,2468-1253,"GASTROENTEROLOGY & HEPATOLOGY - SCIE","7,075",18.486,0.01875,
PERSONALITY AND SOCIAL PSYCHOLOGY REVIEW,1088-8683,1532-7957,"PSYCHOLOGY, SOCIAL - SSCI","9,303",18.464,0.00668,
Annual Review of Organizational Psychology and Organizational Behavior,2327-0608,2327-0616,"PSYCHOLOGY, APPLIED - SSCI; MANAGEMENT - SSCI","2,947",18.333,0.00804,
TRENDS IN PLANT SCIENCE,1360-1385,1878-4372,"PLANT SCIENCES - SCIE","29,531",18.313,0.02277,
JAMA Neurology,2168-6149,2168-6157,"CLINICAL NEUROLOGY - SCIE","17,086",18.302,0.04336,
Signal Transduction and Targeted Therapy,2095-9907,2059-3635,"BIOCHEMISTRY & MOLECULAR BIOLOGY - SCIE; CELL BIOLOGY - SCIE","3,848",18.187,0.00573,
AMERICAN JOURNAL OF PSYCHIATRY,0002-953X,1535-7228,"PSYCHIATRY - SCIE; PSYCHIATRY - SSCI","48,206",18.112,0.03197,
MOLECULAR CELL,1097-2765,1097-4164,"BIOCHEMISTRY & MOLECULAR BIOLOGY - SCIE; CELL BIOLOGY - SCIE","86,299",17.970,0.16184,
Science Translational Medicine,1946-6234,1946-6242,"CELL BIOLOGY - SCIE; MEDICINE, RESEARCH & EXPERIMENTAL - SCIE","45,509",17.956,0.10378,
Nano Energy,2211-2855,2211-3282,"NANOSCIENCE & NANOTECHNOLOGY - SCIE; CHEMISTRY, PHYSICAL - SCIE; MATERIALS SCIENCE, MULTIDISCIPLINARY - SCIE; PHYSICS, APPLIED - SCIE","74,385",17.881,0.12464,
Energy Storage Materials,2405-8297,2405-8297,"NANOSCIENCE & NANOTECHNOLOGY - SCIE; CHEMISTRY, PHYSICAL - SCIE; MATERIALS SCIENCE, MULTIDISCIPLINARY - SCIE","17,077",17.789,0.02813,
Light-Science & Applications,2047-7538,2047-7538,"OPTICS - SCIE","11,228",17.782,0.02578,
Nature Microbiology,2058-5276,2058-5276,"MICROBIOLOGY - SCIE","15,714",17.745,0.05625,
PSYCHOLOGICAL BULLETIN,0033-2909,1939-1455,"PSYCHOLOGY - SCIE; PSYCHOLOGY, MULTIDISCIPLINARY - SSCI","66,720",17.737,0.02345,
Science Immunology,2470-9468,2470-9468,"IMMUNOLOGY - SCIE","5,232",17.727,0.02220,
TRENDS IN ECOLOGY & EVOLUTION,0169-5347,1872-8383,"GENETICS & HEREDITY - SCIE; ECOLOGY - SCIE; EVOLUTIONARY BIOLOGY - SCIE","44,127",17.712,0.02818,
PSYCHOTHERAPY AND PSYCHOSOMATICS,0033-3190,1423-0348,"PSYCHIATRY - SCIE; PSYCHIATRY - SSCI; PSYCHOLOGY - SCIE","6,123",17.659,0.00675,
MMWR-MORBIDITY AND MORTALITY WEEKLY REPORT,0149-2195,1545-861X,"PUBLIC, ENVIRONMENTAL & OCCUPATIONAL HEALTH - SCIE","31,127",17.586,0.07808,
INTENSIVE CARE MEDICINE,0342-4642,1432-1238,"CRITICAL CARE MEDICINE - SCIE","33,510",17.440,0.04019,
HEPATOLOGY,0270-9139,1527-3350,"GASTROENTEROLOGY & HEPATOLOGY - SCIE","78,043",17.425,0.08344,
Living Reviews in Solar Physics,2367-3648,1614-4961,"ASTRONOMY & ASTROPHYSICS - SCIE","1,640",17.417,0.00267,
Journal of Hematology & Oncology,N/A,1756-8722,"HEMATOLOGY - SCIE; ONCOLOGY - SCIE","10,615",17.388,0.01836,
CIRCULATION RESEARCH,0009-7330,1524-4571,"CARDIAC & CARDIOVASCULAR SYSTEMS - SCIE; HEMATOLOGY - SCIE; PERIPHERAL VASCULAR DISEASE - SCIE","65,425",17.367,0.06890,
National Science Review,2095-5138,2053-714X,"MULTIDISCIPLINARY SCIENCES - SCIE","5,889",17.275,0.01140,
REPORTS ON PROGRESS IN PHYSICS,0034-4885,1361-6633,"PHYSICS, MULTIDISCIPLINARY - SCIE","20,866",17.264,0.02606,
NEURON,0896-6273,1097-4199,"NEUROSCIENCES - SCIE","111,115",17.173,0.17522,
BASIC RESEARCH IN CARDIOLOGY,0300-8428,1435-1803,"CARDIAC & CARDIOVASCULAR SYSTEMS - SCIE","5,629",17.165,0.00529,
ACTA NEUROPATHOLOGICA,0001-6322,1432-0533,"PATHOLOGY - SCIE; NEUROSCIENCES - SCIE; CLINICAL NEUROLOGY - SCIE","28,031",17.088,0.03697,
TRENDS IN MICROBIOLOGY,0966-842X,1878-4380,"BIOCHEMISTRY & MOLECULAR BIOLOGY - SCIE; MICROBIOLOGY - SCIE","17,553",17.079,0.02282,
NUCLEIC ACIDS RESEARCH,0305-1048,1362-4962,"BIOCHEMISTRY & MOLECULAR BIOLOGY - SCIE","248,139",16.971,0.38707,
Nature Geoscience,1752-0894,1752-0908,"GEOSCIENCES, MULTIDISCIPLINARY - SCIE","31,641",16.908,0.05822,
Annual Review of Genetics,0066-4197,1545-2948,"GENETICS & HEREDITY - SCIE","9,053",16.830,0.00927,
Advanced Science,N/A,2198-3844,"NANOSCIENCE & NANOTECHNOLOGY - SCIE; MATERIALS SCIENCE, MULTIDISCIPLINARY - SCIE; CHEMISTRY, MULTIDISCIPLINARY - SCIE","27,067",16.806,0.05430,
TRENDS IN IMMUNOLOGY,1471-4906,1471-4981,"IMMUNOLOGY - SCIE","16,915",16.687,0.02457,
EUROPEAN RESPIRATORY JOURNAL,0903-1936,1399-3003,"RESPIRATORY SYSTEM - SCIE","53,361",16.671,0.06462,
Academy of Management Annals,1941-6520,1941-6067,"BUSINESS - SSCI; MANAGEMENT - SSCI","6,851",16.438,0.01295,
Nano-Micro Letters,2311-6706,2150-5551,"NANOSCIENCE & NANOTECHNOLOGY - SCIE; MATERIALS SCIENCE, MULTIDISCIPLINARY - SCIE; PHYSICS, APPLIED - SCIE","5,972",16.419,0.00768,
FEMS MICROBIOLOGY REVIEWS,0168-6445,1574-6976,"MICROBIOLOGY - SCIE","16,279",16.408,0.01299,
IEEE TRANSACTIONS ON PATTERN ANALYSIS AND MACHINE INTELLIGENCE,0162-8828,1939-3539,"ENGINEERING, ELECTRICAL & ELECTRONIC - SCIE; COMPUTER SCIENCE, ARTIFICIAL INTELLIGENCE - SCIE","59,682",16.389,0.06319,
Annual Review of Materials Research,1531-7331,1545-4118,"MATERIALS SCIENCE, MULTIDISCIPLINARY - SCIE","9,204",16.286,0.00530,
PROGRESS IN PARTICLE AND NUCLEAR PHYSICS,0146-6410,1873-2224,"PHYSICS, PARTICLES & FIELDS - SCIE; PHYSICS, NUCLEAR - SCIE","4,714",16.281,0.00729,
MOLECULAR BIOLOGY AND EVOLUTION,0737-4038,1537-1719,"BIOCHEMISTRY & MOLECULAR BIOLOGY - SCIE; GENETICS & HEREDITY - SCIE; EVOLUTIONARY BIOLOGY - SCIE","61,557",16.240,0.08227,
PROGRESS IN LIPID RESEARCH,0163-7827,1873-2194,"BIOCHEMISTRY & MOLECULAR BIOLOGY - SCIE; NUTRITION & DIETETICS - SCIE","7,328",16.195,0.00453,
JAMA Pediatrics,2168-6203,2168-6211,"PEDIATRICS - SCIE","14,720",16.193,0.04353,
Annual Review of Condensed Matter Physics,1947-5454,1947-5462,"PHYSICS, CONDENSED MATTER - SCIE","4,103",16.109,0.00901,
STUDIES IN MYCOLOGY,0166-0616,1872-9797,"MYCOLOGY - SCIE","4,285",16.097,0.00360,
Autophagy,1554-8627,1554-8635,"CELL BIOLOGY - SCIE","25,343",16.016,0.02797,
MOLECULAR PSYCHIATRY,1359-4184,1476-5578,"BIOCHEMISTRY & MOLECULAR BIOLOGY - SCIE; PSYCHIATRY - SCIE; NEUROSCIENCES - SCIE","28,622",15.992,0.04622,
ACS Nano,1936-0851,1936-086X,"NANOSCIENCE & NANOTECHNOLOGY - SCIE; CHEMISTRY, PHYSICAL - SCIE; MATERIALS SCIENCE, MULTIDISCIPLINARY - SCIE; CHEMISTRY, MULTIDISCIPLINARY - SCIE","195,525",15.881,0.24742,
CELL DEATH AND DIFFERENTIATION,1350-9047,1476-5403,"BIOCHEMISTRY & MOLECULAR BIOLOGY - SCIE; CELL BIOLOGY - SCIE","27,701",15.828,0.02873,
Nature Plants,2055-026X,2055-0278,"PLANT SCIENCES - SCIE","9,424",15.793,0.03169,
Physical Review X,2160-3308,2160-3308,"PHYSICS, MULTIDISCIPLINARY - SCIE","22,327",15.762,0.07486,
SEMINARS IN CANCER BIOLOGY,1044-579X,1096-3650,"ONCOLOGY - SCIE","11,552",15.707,0.01211,
SYSTEMATIC BIOLOGY,1063-5157,1076-836X,"EVOLUTIONARY BIOLOGY - SCIE","19,416",15.683,0.01917,
HUMAN REPRODUCTION UPDATE,1355-4786,1460-2369,"OBSTETRICS & GYNECOLOGY - SCIE; REPRODUCTIVE BIOLOGY - SCIE","12,334",15.610,0.01127,
Journal of Thoracic Oncology,1556-0864,1556-1380,"ONCOLOGY - SCIE; RESPIRATORY SYSTEM - SCIE","24,405",15.609,0.04278,
Matter,2590-2393,2590-2385,"MATERIALS SCIENCE, MULTIDISCIPLINARY - SCIE","2,357",15.589,0.00396,
QUARTERLY JOURNAL OF ECONOMICS,0033-5533,1531-4650,"ECONOMICS - SSCI","38,427",15.563,0.06169,
EUROPEAN JOURNAL OF HEART FAILURE,1388-9842,1879-0844,"CARDIAC & CARDIOVASCULAR SYSTEMS - SCIE","17,114",15.534,0.02774,
Nature Machine Intelligence,N/A,2522-5839,"COMPUTER SCIENCE, ARTIFICIAL INTELLIGENCE - SCIE; COMPUTER SCIENCE, INTERDISCIPLINARY APPLICATIONS - SCIE","1,212",15.508,0.00321,
Annual Review of Microbiology,0066-4227,1545-3251,"MICROBIOLOGY - SCIE","12,031",15.500,0.00898,
ADVANCED DRUG DELIVERY REVIEWS,0169-409X,1872-8294,"PHARMACOLOGY & PHARMACY - SCIE","43,769",15.470,0.02860,
Nature Ecology & Evolution,2397-334X,2397-334X,"ECOLOGY - SCIE; EVOLUTIONARY BIOLOGY - SCIE","10,794",15.460,0.04199,
JOURNAL OF THE AMERICAN CHEMICAL SOCIETY,0002-7863,1520-5126,"CHEMISTRY, MULTIDISCIPLINARY - SCIE","609,263",15.419,0.52044,
NATURE STRUCTURAL & MOLECULAR BIOLOGY,1545-9993,1545-9985,"BIOPHYSICS - SCIE; BIOCHEMISTRY & MOLECULAR BIOLOGY - SCIE; CELL BIOLOGY - SCIE","32,038",15.369,0.05121,
ANGEWANDTE CHEMIE-INTERNATIONAL EDITION,1433-7851,1521-3773,"CHEMISTRY, MULTIDISCIPLINARY - SCIE","410,750",15.336,0.48019,
Energy & Environmental Materials,N/A,2575-0356,"MATERIALS SCIENCE, MULTIDISCIPLINARY - SCIE","729",15.122,0.00111,
Nature Chemical Biology,1552-4450,1552-4469,"BIOCHEMISTRY & MOLECULAR BIOLOGY - SCIE","27,428",15.040,0.04788,
RENEWABLE & SUSTAINABLE ENERGY REVIEWS,1364-0321,1879-0690,"ENERGY & FUELS - SCIE; GREEN & SUSTAINABLE SCIENCE & TECHNOLOGY - SCIE","132,560",14.982,0.15072,
Nature Communications,2041-1723,2041-1723,"MULTIDISCIPLINARY SCIENCES - SCIE","453,215",14.919,1.23854,
Protein & Cell,1674-800X,1674-8018,"CELL BIOLOGY - SCIE","5,352",14.870,0.00950,
FORBES,0015-6914,0015-6914,"BUSINESS, FINANCE - SSCI","5,512",14.826,0.01804,
TRENDS IN PHARMACOLOGICAL SCIENCES,0165-6147,1873-3735,"PHARMACOLOGY & PHARMACY - SCIE","15,308",14.819,0.01488,
JOURNAL OF CLINICAL INVESTIGATION,0021-9738,1558-8238,"MEDICINE, RESEARCH & EXPERIMENTAL - SCIE","132,296",14.808,0.11456,
JACC-Cardiovascular Imaging,1936-878X,1876-7591,"CARDIAC & CARDIOVASCULAR SYSTEMS - SCIE; RADIOLOGY, NUCLEAR MEDICINE & MEDICAL IMAGING - SCIE","14,398",14.805,0.03219,
JAMA Surgery,2168-6254,2168-6262,"SURGERY - SCIE","12,793",14.766,0.03732,
JAMA Cardiology,2380-6583,2380-6591,"CARDIAC & CARDIOVASCULAR SYSTEMS - SCIE","11,453",14.676,0.03615,
Microbiome,2049-2618,2049-2618,"MICROBIOLOGY - SCIE","12,051",14.650,0.03030,
Bioactive Materials,N/A,2452-199X,"MATERIALS SCIENCE, BIOMATERIALS - SCIE; ENGINEERING, BIOMEDICAL - SCIE","2,145",14.593,0.00273,
ACS Central Science,2374-7943,2374-7951,"CHEMISTRY, MULTIDISCIPLINARY - SCIE","11,097",14.553,0.03209,
Nature Astronomy,2397-3366,2397-3366,"ASTRONOMY & ASTROPHYSICS - SCIE","5,524",14.437,0.01962,
Nature Reviews Urology,1759-4812,1759-4820,"UROLOGY & NEPHROLOGY - SCIE","5,267",14.432,0.00847,
JOURNAL OF EXPERIMENTAL MEDICINE,0022-1007,1540-9538,"IMMUNOLOGY - SCIE; MEDICINE, RESEARCH & EXPERIMENTAL - SCIE","74,803",14.307,0.06228,
MOLECULAR ASPECTS OF MEDICINE,0098-2997,1872-9452,"BIOCHEMISTRY & MOLECULAR BIOLOGY - SCIE; MEDICINE, RESEARCH & EXPERIMENTAL - SCIE","8,136",14.235,0.00664,
BIOTECHNOLOGY ADVANCES,0734-9750,1873-1899,"BIOTECHNOLOGY & APPLIED MICROBIOLOGY - SCIE","23,792",14.227,0.01700,
Trends in Cancer,2405-8025,2405-8033,"ONCOLOGY - SCIE","4,237",14.226,0.01244,
Annual Review of Nuclear and Particle Science,0163-8998,1545-4134,"PHYSICS, PARTICLES & FIELDS - SCIE; PHYSICS, NUCLEAR - SCIE","3,084",14.219,0.00343,
Molecular Neurodegeneration,N/A,1750-1326,"NEUROSCIENCES - SCIE","6,772",14.195,0.01165,
Small Methods,2366-9608,2366-9608,"NANOSCIENCE & NANOTECHNOLOGY - SCIE; CHEMISTRY, PHYSICAL - SCIE; MATERIALS SCIENCE, MULTIDISCIPLINARY - SCIE","7,188",14.188,0.01428,
Science Advances,2375-2548,2375-2548,"MULTIDISCIPLINARY SCIENCES - SCIE","65,205",14.136,0.21864,
INTERNATIONAL JOURNAL OF INFORMATION MANAGEMENT,0268-4012,1873-4707,"INFORMATION SCIENCE & LIBRARY SCIENCE - SSCI","12,245",14.098,0.01167,
Annual Review of Ecology Evolution and Systematics,1543-592X,1545-2069,"ECOLOGY - SCIE; EVOLUTIONARY BIOLOGY - SCIE","23,595",13.915,0.00889,
Annual Review of Marine Science,1941-1405,N/A,"OCEANOGRAPHY - SCIE; MARINE & FRESHWATER BIOLOGY - SCIE; GEOCHEMISTRY & GEOPHYSICS - SCIE","5,492",13.850,0.00720,
TRENDS IN NEUROSCIENCES,0166-2236,1878-108X,"NEUROSCIENCES - SCIE","22,858",13.837,0.01947,
Annual Review of Cell and Developmental Biology,1081-0706,1530-8995,"CELL BIOLOGY - SCIE; DEVELOPMENTAL BIOLOGY - SCIE","11,884",13.827,0.01110,
Annual Review of Pharmacology and Toxicology,0362-1642,1545-4304,"TOXICOLOGY - SCIE; PHARMACOLOGY & PHARMACY - SCIE","9,016",13.820,0.00659,
TRENDS IN BIOCHEMICAL SCIENCES,0968-0004,1362-4326,"BIOCHEMISTRY & MOLECULAR BIOLOGY - SCIE","22,003",13.807,0.02576,
BRITISH JOURNAL OF SPORTS MEDICINE,0306-3674,1473-0480,"SPORT SCIENCES - SCIE","30,986",13.800,0.04095,
Journal for ImmunoTherapy of Cancer,N/A,2051-1426,"IMMUNOLOGY - SCIE; ONCOLOGY - SCIE","11,042",13.751,0.02883,
Annual Review of Medicine,0066-4219,1545-326X,"MEDICINE, RESEARCH & EXPERIMENTAL - SCIE","7,553",13.739,0.00980,
Nature Human Behaviour,2397-3374,2397-3374,"NEUROSCIENCES - SCIE; MULTIDISCIPLINARY SCIENCES - SCIE; PSYCHOLOGY, EXPERIMENTAL - SSCI","5,549",13.663,0.02312,
Annual Review of Food Science and Technology,1941-1413,1941-1421,"FOOD SCIENCE & TECHNOLOGY - SCIE","3,253",13.635,0.00329,
GENOME BIOLOGY,1474-760X,1474-760X,"GENETICS & HEREDITY - SCIE; BIOTECHNOLOGY & APPLIED MICROBIOLOGY - SCIE","54,758",13.583,0.09899,
Bone Research,2095-4700,2095-6231,"CELL & TISSUE ENGINEERING - SCIE","2,665",13.567,0.00441,
Nature Metabolism,N/A,2522-5812,"ENDOCRINOLOGY & METABOLISM - SCIE","1,658",13.511,0.00511,
JNCI-Journal of the National Cancer Institute,0027-8874,1460-2105,"ONCOLOGY - SCIE","42,005",13.506,0.03826,
BRAIN,0006-8950,1460-2156,"NEUROSCIENCES - SCIE; CLINICAL NEUROLOGY - SCIE","64,627",13.501,0.06155,
Nature Protocols,1754-2189,1750-2799,"BIOCHEMICAL RESEARCH METHODS - SCIE","50,846",13.491,0.05823,
Journal of King Saud University-Computer and Information Sciences,1319-1578,2213-1248,"COMPUTER SCIENCE, INFORMATION SYSTEMS - SCIE","2,372",13.473,0.00221,
IEEE Transactions on Systems Man Cybernetics-Systems,2168-2216,2168-2232,"COMPUTER SCIENCE, CYBERNETICS - SCIE; AUTOMATION & CONTROL SYSTEMS - SCIE","16,901",13.451,0.02728,
NATURAL PRODUCT REPORTS,0265-0568,1460-4752,"BIOCHEMISTRY & MOLECULAR BIOLOGY - SCIE; CHEMISTRY, ORGANIC - SCIE; CHEMISTRY, MEDICINAL - SCIE","13,293",13.423,0.01116,
INTERNATIONAL JOURNAL OF MANAGEMENT REVIEWS,1460-8545,1468-2370,"BUSINESS - SSCI; MANAGEMENT - SSCI","6,670",13.419,0.00555,
BIOLOGICAL PSYCHIATRY,0006-3223,1873-2402,"PSYCHIATRY - SCIE; NEUROSCIENCES - SCIE","50,155",13.382,0.04554,
Polymer Reviews,1558-3724,1558-3716,"POLYMER SCIENCE - SCIE","2,958",13.282,0.00208,
Small,1613-6810,1613-6829,"NANOSCIENCE & NANOTECHNOLOGY - SCIE; PHYSICS, CONDENSED MATTER - SCIE; CHEMISTRY, PHYSICAL - SCIE; MATERIALS SCIENCE, MULTIDISCIPLINARY - SCIE; CHEMISTRY, MULTIDISCIPLINARY - SCIE; PHYSICS, APPLIED - SCIE","77,926",13.281,0.10560,
CHEMICAL ENGINEERING JOURNAL,1385-8947,1873-3212,"ENGINEERING, CHEMICAL - SCIE; ENGINEERING, ENVIRONMENTAL - SCIE","180,395",13.273,0.16662,
Materials Horizons,2051-6347,2051-6355,"MATERIALS SCIENCE, MULTIDISCIPLINARY - SCIE; CHEMISTRY, MULTIDISCIPLINARY - SCIE","10,285",13.266,0.01797,
Molecular Plant,1674-2052,1752-9867,"BIOCHEMISTRY & MOLECULAR BIOLOGY - SCIE; PLANT SCIENCES - SCIE","15,778",13.164,0.02686,
ALLERGY,0105-4538,1398-9995,"IMMUNOLOGY - SCIE; ALLERGY - SCIE","25,131",13.146,0.02330,
Laser & Photonics Reviews,1863-8880,1863-8899,"PHYSICS, CONDENSED MATTER - SCIE; PHYSICS, APPLIED - SCIE; OPTICS - SCIE","9,217",13.138,0.01297,
ACS Catalysis,2155-5435,2155-5435,"CHEMISTRY, PHYSICAL - SCIE","92,236",13.084,0.16675,
Annual Review of Phytopathology,0066-4286,1545-2107,"PLANT SCIENCES - SCIE","10,431",13.078,0.00654,
Advances in Nano Research,2287-237X,2287-2388,"NANOSCIENCE & NANOTECHNOLOGY - SCIE; MATERIALS SCIENCE, MULTIDISCIPLINARY - SCIE","1,164",13.052,0.00107,
JOURNAL OF PINEAL RESEARCH,0742-3098,1600-079X,"ENDOCRINOLOGY & METABOLISM - SCIE; NEUROSCIENCES - SCIE; PHYSIOLOGY - SCIE","12,492",13.007,0.00817,
IMMUNOLOGICAL REVIEWS,0105-2896,1600-065X,"IMMUNOLOGY - SCIE","19,337",12.988,0.02438,
ADVANCES IN COLLOID AND INTERFACE SCIENCE,0001-8686,1873-3727,"CHEMISTRY, PHYSICAL - SCIE","18,985",12.984,0.01202,
Annual Review of Biophysics,1936-122X,1936-1238,"BIOPHYSICS - SCIE","3,782",12.981,0.00752,
Information Fusion,1566-2535,1872-6305,"COMPUTER SCIENCE, ARTIFICIAL INTELLIGENCE - SCIE; COMPUTER SCIENCE, THEORY & METHODS - SCIE","9,059",12.975,0.01260,
ANNALS OF SURGERY,0003-4932,1528-1140,"SURGERY - SCIE","64,045",12.969,0.06266,
MEDICINAL RESEARCH REVIEWS,0198-6325,1098-1128,"PHARMACOLOGY & PHARMACY - SCIE; CHEMISTRY, MEDICINAL - SCIE","6,835",12.944,0.00553,
JOURNAL OF PHOTOCHEMISTRY AND PHOTOBIOLOGY C-PHOTOCHEMISTRY REVIEWS,1389-5567,1873-2739,"CHEMISTRY, PHYSICAL - SCIE","4,551",12.927,0.00296,
Journal of Cachexia Sarcopenia and Muscle,2190-5991,2190-6009,"GERIATRICS & GERONTOLOGY - SCIE; MEDICINE, GENERAL & INTERNAL - SCIE","5,908",12.910,0.00944,
BIOLOGICAL REVIEWS,1464-7931,1469-185X,"BIOLOGY - SCIE","17,047",12.820,0.01975,
COMPREHENSIVE REVIEWS IN FOOD SCIENCE AND FOOD SAFETY,1541-4337,1541-4337,"FOOD SCIENCE & TECHNOLOGY - SCIE","10,528",12.811,0.00910,
Annual Review of Earth and Planetary Sciences,0084-6597,1545-4495,"ASTRONOMY & ASTROPHYSICS - SCIE; GEOSCIENCES, MULTIDISCIPLINARY - SCIE","10,307",12.810,0.00800,
CLINICAL PSYCHOLOGY REVIEW,0272-7358,1873-7811,"PSYCHOLOGY, CLINICAL - SSCI","23,058",12.792,0.02129,
Lancet HIV,2352-3018,2352-3018,"IMMUNOLOGY - SCIE; INFECTIOUS DISEASES - SCIE","5,368",12.767,0.02202,
npj Flexible Electronics,N/A,2397-4621,"ENGINEERING, ELECTRICAL & ELECTRONIC - SCIE; MATERIALS SCIENCE, MULTIDISCIPLINARY - SCIE","810",12.740,0.00180,
Journal of Materials Chemistry A,2050-7488,2050-7496,"ENERGY & FUELS - SCIE; CHEMISTRY, PHYSICAL - SCIE; MATERIALS SCIENCE, MULTIDISCIPLINARY - SCIE","193,793",12.732,0.28481,
Annual Review of Physical Chemistry,0066-426X,1545-1593,"CHEMISTRY, PHYSICAL - SCIE","9,090",12.703,0.00681,
CANCER RESEARCH,0008-5472,1538-7445,"ONCOLOGY - SCIE","159,236",12.701,0.10515,
ACADEMY OF MANAGEMENT REVIEW,0363-7425,1930-3807,"BUSINESS - SSCI; MANAGEMENT - SSCI","47,985",12.638,0.01324,
LAB ANIMAL,0093-7355,1548-4475,"VETERINARY SCIENCES - SCIE","1,005",12.625,0.00114,
BEHAVIORAL AND BRAIN SCIENCES,0140-525X,1469-1825,"BEHAVIORAL SCIENCES - SCIE; NEUROSCIENCES - SCIE; PSYCHOLOGY, BIOLOGICAL - SSCI","11,610",12.579,0.00776,
REVIEW OF EDUCATIONAL RESEARCH,0034-6543,1935-1046,"EDUCATION & EDUCATIONAL RESEARCH - SSCI","13,654",12.565,0.00970,
TRENDS IN FOOD SCIENCE & TECHNOLOGY,0924-2244,1879-3053,"FOOD SCIENCE & TECHNOLOGY - SCIE","27,289",12.563,0.02215,
CRITICAL REVIEWS IN ENVIRONMENTAL SCIENCE AND TECHNOLOGY,1064-3389,1547-6537,"ENVIRONMENTAL SCIENCES - SCIE","8,881",12.561,0.00541,
IEEE SIGNAL PROCESSING MAGAZINE,1053-5888,1558-0792,"ENGINEERING, ELECTRICAL & ELECTRONIC - SCIE","12,559",12.551,0.01306,
CLINICAL CANCER RESEARCH,1078-0432,1557-3265,"ONCOLOGY - SCIE","105,958",12.531,0.13104,
BIOMATERIALS,0142-9612,1878-5905,"MATERIALS SCIENCE, BIOMATERIALS - SCIE; ENGINEERING, BIOMEDICAL - SCIE","126,871",12.479,0.06939,
Annual Review of Neuroscience,0147-006X,1545-4126,"NEUROSCIENCES - SCIE","14,699",12.449,0.01049,
EARTH-SCIENCE REVIEWS,0012-8252,1872-6828,"GEOSCIENCES, MULTIDISCIPLINARY - SCIE","27,304",12.413,0.03290,
PHARMACOLOGY & THERAPEUTICS,0163-7258,1879-016X,"PHARMACOLOGY & PHARMACY - SCIE","21,235",12.310,0.02112,
NEURO-ONCOLOGY,1522-8517,1523-5866,"CLINICAL NEUROLOGY - SCIE; ONCOLOGY - SCIE","17,812",12.300,0.02921,
TRAC-TRENDS IN ANALYTICAL CHEMISTRY,0165-9936,1879-3142,"CHEMISTRY, ANALYTICAL - SCIE","25,063",12.296,0.02567,
DEVELOPMENTAL CELL,1534-5807,1878-1551,"CELL BIOLOGY - SCIE; DEVELOPMENTAL BIOLOGY - SCIE","36,177",12.270,0.05835,
SURFACE SCIENCE REPORTS,0167-5729,1879-274X,"PHYSICS, CONDENSED MATTER - SCIE; CHEMISTRY, PHYSICAL - SCIE","4,627",12.267,0.00225,
PROGRESS IN QUANTUM ELECTRONICS,0079-6727,1873-1627,"ENGINEERING, ELECTRICAL & ELECTRONIC - SCIE; QUANTUM SCIENCE & TECHNOLOGY - SCIE; OPTICS - SCIE; PHYSICS, APPLIED - SCIE","1,434",12.250,0.00125,
npj Computational Materials,N/A,2057-3960,"CHEMISTRY, PHYSICAL - SCIE; MATERIALS SCIENCE, MULTIDISCIPLINARY - SCIE","4,355",12.241,0.01191,
Advances in Carbohydrate Chemistry and Biochemistry,0065-2318,2162-5530,"BIOCHEMISTRY & MOLECULAR BIOLOGY - SCIE; CHEMISTRY, ORGANIC - SCIE","752",12.200,0.00020,
EMBO Molecular Medicine,1757-4676,1757-4684,"MEDICINE, RESEARCH & EXPERIMENTAL - SCIE","11,474",12.137,0.02044,
CANCER TREATMENT REVIEWS,0305-7372,1532-1967,"ONCOLOGY - SCIE","11,834",12.111,0.01691,
OPHTHALMOLOGY,0161-6420,1549-4713,"OPHTHALMOLOGY - SCIE","50,321",12.079,0.04197,
JOURNAL OF BUSINESS VENTURING,0883-9026,1873-2003,"BUSINESS - SSCI","18,553",12.065,0.01097,
JACC-Heart Failure,2213-1779,2213-1787,"CARDIAC & CARDIOVASCULAR SYSTEMS - SCIE","6,212",12.035,0.01932,
IEEE TRANSACTIONS ON FUZZY SYSTEMS,1063-6706,1941-0034,"ENGINEERING, ELECTRICAL & ELECTRONIC - SCIE; COMPUTER SCIENCE, ARTIFICIAL INTELLIGENCE - SCIE","20,515",12.029,0.02316,
TRENDS IN ENDOCRINOLOGY AND METABOLISM,1043-2760,1879-3061,"ENDOCRINOLOGY & METABOLISM - SCIE","11,973",12.015,0.01355,
IEEE WIRELESS COMMUNICATIONS,1536-1284,1558-0687,"ENGINEERING, ELECTRICAL & ELECTRONIC - SCIE; COMPUTER SCIENCE, HARDWARE & ARCHITECTURE - SCIE; COMPUTER SCIENCE, INFORMATION SYSTEMS - SCIE; TELECOMMUNICATIONS - SCIE","9,116",11.979,0.01575,
TRENDS IN MOLECULAR MEDICINE,1471-4914,1471-499X,"BIOCHEMISTRY & MOLECULAR BIOLOGY - SCIE; CELL BIOLOGY - SCIE; MEDICINE, RESEARCH & EXPERIMENTAL - SCIE","13,213",11.951,0.01472,
Journal of the National Comprehensive Cancer Network,1540-1405,1540-1413,"ONCOLOGY - SCIE","10,050",11.908,0.02192,
Annual Review of Nutrition,0199-9885,1545-4312,"NUTRITION & DIETETICS - SCIE","6,896",11.848,0.00441,
Analytic Methods in Accident Research,2213-6657,2213-6665,"TRANSPORTATION - SSCI; PUBLIC, ENVIRONMENTAL & OCCUPATIONAL HEALTH - SSCI","1,445",11.806,0.00268,
Redox Biology,2213-2317,2213-2317,"BIOCHEMISTRY & MOLECULAR BIOLOGY - SCIE","15,982",11.799,0.02493,
JOURNAL OF MANAGEMENT,0149-2063,1557-1211,"PSYCHOLOGY, APPLIED - SSCI; BUSINESS - SSCI; MANAGEMENT - SSCI","34,496",11.790,0.02735,
Science Bulletin,2095-9273,2095-9281,"MULTIDISCIPLINARY SCIENCES - SCIE","8,832",11.780,0.01640,
COMPUTER-AIDED CIVIL AND INFRASTRUCTURE ENGINEERING,1093-9687,1467-8667,"ENGINEERING, CIVIL - SCIE; TRANSPORTATION SCIENCE & TECHNOLOGY - SCIE; CONSTRUCTION & BUILDING TECHNOLOGY - SCIE; COMPUTER SCIENCE, INTERDISCIPLINARY APPLICATIONS - SCIE","5,653",11.775,0.00579,
Dialogues in Human Geography,2043-8206,2043-8214,"GEOGRAPHY - SSCI","1,152",11.769,0.00224,
Journal of Service Management,1757-5818,1757-5826,"MANAGEMENT - SSCI","3,407",11.768,0.00308,
ECONOMIC GEOGRAPHY,0013-0095,1944-8287,"GEOGRAPHY - SSCI; ECONOMICS - SSCI","4,873",11.767,0.00392,
Liver Cancer,2235-1795,1664-5553,"GASTROENTEROLOGY & HEPATOLOGY - SCIE; ONCOLOGY - SCIE","1,579",11.740,0.00280,
PROGRESS IN NEUROBIOLOGY,0301-0082,1873-5118,"NEUROSCIENCES - SCIE","15,161",11.685,0.01030,
npj Digital Medicine,2398-6352,2398-6352,"HEALTH CARE SCIENCES & SERVICES - SCIE; MEDICAL INFORMATICS - SCIE","2,406",11.653,0.00745,
TRENDS IN GENETICS,0168-9525,1362-4555,"GENETICS & HEREDITY - SCIE","14,465",11.639,0.01880,
BRIEFINGS IN BIOINFORMATICS,1467-5463,1477-4054,"MATHEMATICAL & COMPUTATIONAL BIOLOGY - SCIE; BIOCHEMICAL RESEARCH METHODS - SCIE","10,353",11.622,0.01844,
SLEEP MEDICINE REVIEWS,1087-0792,1532-2955,"NEUROSCIENCES - SCIE; CLINICAL NEUROLOGY - SCIE","11,218",11.609,0.01484,
EMBO JOURNAL,0261-4189,1460-2075,"BIOCHEMISTRY & MOLECULAR BIOLOGY - SCIE; CELL BIOLOGY - SCIE","76,189",11.598,0.05500,
MATRIX BIOLOGY,0945-053X,1569-1802,"BIOCHEMISTRY & MOLECULAR BIOLOGY - SCIE; CELL BIOLOGY - SCIE","8,972",11.583,0.01101,
Theranostics,1838-7640,1838-7640,"MEDICINE, RESEARCH & EXPERIMENTAL - SCIE","23,558",11.556,0.03489,
IEEE TRANSACTIONS ON EVOLUTIONARY COMPUTATION,1089-778X,1941-0026,"COMPUTER SCIENCE, ARTIFICIAL INTELLIGENCE - SCIE; COMPUTER SCIENCE, THEORY & METHODS - SCIE","16,918",11.554,0.01153,
Cellular & Molecular Immunology,1672-7681,2042-0226,"IMMUNOLOGY - SCIE","8,489",11.530,0.01055,
LEUKEMIA,0887-6924,1476-5551,"HEMATOLOGY - SCIE; ONCOLOGY - SCIE","34,181",11.528,0.04594,
JOURNAL OF THE AMERICAN ACADEMY OF DERMATOLOGY,0190-9622,1097-6787,"DERMATOLOGY - SCIE","40,257",11.527,0.03692,
Clinical and Translational Medicine,2001-1326,2001-1326,"MEDICINE, RESEARCH & EXPERIMENTAL - SCIE; ONCOLOGY - SCIE","2,201",11.492,0.00311,
MOLECULAR THERAPY,1525-0016,1525-0024,"GENETICS & HEREDITY - SCIE; BIOTECHNOLOGY & APPLIED MICROBIOLOGY - SCIE; MEDICINE, RESEARCH & EXPERIMENTAL - SCIE","24,333",11.454,0.03025,
IEEE Transactions on Cybernetics,2168-2267,2168-2275,"COMPUTER SCIENCE, ARTIFICIAL INTELLIGENCE - SCIE; COMPUTER SCIENCE, CYBERNETICS - SCIE; AUTOMATION & CONTROL SYSTEMS - SCIE","24,753",11.448,0.05214,
Molecular Systems Biology,1744-4292,1744-4292,"BIOCHEMISTRY & MOLECULAR BIOLOGY - SCIE","10,149",11.429,0.01630,
Exposure and Health,2451-9766,2451-9685,"WATER RESOURCES - SCIE","1,322",11.422,0.00151,
Acta Pharmaceutica Sinica B,2211-3835,2211-3843,"PHARMACOLOGY & PHARMACY - SCIE","6,314",11.413,0.00009,
JOURNAL OF INTERNATIONAL BUSINESS STUDIES,0047-2506,1478-6990,"BUSINESS - SSCI; MANAGEMENT - SSCI","20,422",11.382,0.00939,
Clinical Gastroenterology and Hepatology,1542-3565,1542-7714,"GASTROENTEROLOGY & HEPATOLOGY - SCIE","24,144",11.382,0.03998,
GENES & DEVELOPMENT,0890-9369,1549-5477,"CELL BIOLOGY - SCIE; DEVELOPMENTAL BIOLOGY - SCIE; GENETICS & HEREDITY - SCIE","61,885",11.361,0.04866,
IEEE Computational Intelligence Magazine,1556-603X,1556-6048,"COMPUTER SCIENCE, ARTIFICIAL INTELLIGENCE - SCIE","2,039",11.356,0.00285,
CURRENT OPINION IN SOLID STATE & MATERIALS SCIENCE,1359-0286,1879-0348,"PHYSICS, CONDENSED MATTER - SCIE; MATERIALS SCIENCE, MULTIDISCIPLINARY - SCIE; PHYSICS, APPLIED - SCIE","4,756",11.354,0.00393,
Earth System Science Data,1866-3508,1866-3516,"METEOROLOGY & ATMOSPHERIC SCIENCES - SCIE; GEOSCIENCES, MULTIDISCIPLINARY - SCIE","5,421",11.333,0.01696,
PSYCHOLOGICAL METHODS,1082-989X,1939-1463,"PSYCHOLOGY, MULTIDISCIPLINARY - SSCI","18,605",11.302,0.01517,
Lancet Child & Adolescent Health,2352-4642,2352-4642,"PEDIATRICS - SCIE","3,501",11.288,0.00768,
PLANT CELL,1040-4651,1532-298X,"PLANT SCIENCES - SCIE; BIOCHEMISTRY & MOLECULAR BIOLOGY - SCIE; CELL BIOLOGY - SCIE","64,794",11.277,0.03626,
WATER RESEARCH,0043-1354,1879-2448,"ENVIRONMENTAL SCIENCES - SCIE; WATER RESOURCES - SCIE; ENGINEERING, ENVIRONMENTAL - SCIE","120,695",11.236,0.07878,
AMERICAN JOURNAL OF BIOETHICS,1526-5161,1536-0075,"SOCIAL ISSUES - SSCI; SOCIAL SCIENCES, BIOMEDICAL - SSCI; ETHICS - SSCI; MEDICAL ETHICS - SCIE","3,052",11.229,0.00398,
PROCEEDINGS OF THE NATIONAL ACADEMY OF SCIENCES OF THE UNITED STATES OF AMERICA,0027-8424,N/A,"MULTIDISCIPLINARY SCIENCES - SCIE","799,058",11.205,0.80662,
JACC-Cardiovascular Interventions,1936-8798,1876-7605,"CARDIAC & CARDIOVASCULAR SYSTEMS - SCIE","15,448",11.195,0.03524,
NANO LETTERS,1530-6984,1530-6992,"NANOSCIENCE & NANOTECHNOLOGY - SCIE; PHYSICS, CONDENSED MATTER - SCIE; CHEMISTRY, PHYSICAL - SCIE; MATERIALS SCIENCE, MULTIDISCIPLINARY - SCIE; CHEMISTRY, MULTIDISCIPLINARY - SCIE; PHYSICS, APPLIED - SCIE","177,909",11.189,0.20611,
CRITICAL REVIEWS IN FOOD SCIENCE AND NUTRITION,1040-8398,1549-7852,"FOOD SCIENCE & TECHNOLOGY - SCIE; NUTRITION & DIETETICS - SCIE","23,225",11.176,0.01946,
JOURNAL OF EXPERIMENTAL & CLINICAL CANCER RESEARCH,N/A,1756-9966,"ONCOLOGY - SCIE","16,717",11.161,0.02331,
Cancer Immunology Research,2326-6066,2326-6074,"IMMUNOLOGY - SCIE; ONCOLOGY - SCIE","11,185",11.151,0.02729,
SPORTS MEDICINE,0112-1642,1179-2035,"SPORT SCIENCES - SCIE","23,632",11.136,0.02462,
SEMINARS IN IMMUNOLOGY,1044-5323,1096-3618,"IMMUNOLOGY - SCIE","6,814",11.130,0.00822,
FRONTIERS IN ECOLOGY AND THE ENVIRONMENT,1540-9295,1540-9309,"ENVIRONMENTAL SCIENCES - SCIE; ECOLOGY - SCIE","13,600",11.123,0.01197,
IEEE CONTROL SYSTEMS MAGAZINE,1066-033X,1941-000X,"AUTOMATION & CONTROL SYSTEMS - SCIE","4,501",11.119,0.00501,
Genome Medicine,1756-994X,1756-994X,"GENETICS & HEREDITY - SCIE","8,115",11.117,0.02345,
ADMINISTRATIVE SCIENCE QUARTERLY,0001-8392,1930-3815,"BUSINESS - SSCI; MANAGEMENT - SSCI","25,321",11.113,0.01112,
Annual Review of Environment and Resources,1543-5938,N/A,"ENVIRONMENTAL SCIENCES - SCIE; ENVIRONMENTAL STUDIES - SSCI","5,711",11.108,0.00534,
npj 2D Materials and Applications,N/A,2397-7132,"NANOSCIENCE & NANOTECHNOLOGY - SCIE; MATERIALS SCIENCE, MULTIDISCIPLINARY - SCIE; PHYSICS, APPLIED - SCIE","1,480",11.106,0.00402,
RADIOLOGY,0033-8419,N/A,"RADIOLOGY, NUCLEAR MEDICINE & MEDICAL IMAGING - SCIE","72,249",11.105,0.05300,
Optica,2334-2536,2334-2536,"OPTICS - SCIE","13,404",11.104,0.04614,
ACTA NUMERICA,0962-4929,1474-0508,"MATHEMATICS - SCIE","2,429",11.091,0.00248,
PLOS MEDICINE,1549-1277,1549-1676,"MEDICINE, GENERAL & INTERNAL - SCIE","42,445",11.069,0.06192,
Annual Review of Chemical and Biomolecular Engineering,1947-5438,1947-5446,"ENGINEERING, CHEMICAL - SCIE; CHEMISTRY, APPLIED - SCIE","2,373",11.059,0.00305,
MICROBIOLOGY AND MOLECULAR BIOLOGY REVIEWS,1092-2172,1098-5557,"MICROBIOLOGY - SCIE","15,205",11.056,0.00780,
PERSOONIA,0031-5850,N/A,"MYCOLOGY - SCIE","2,491",11.051,0.00310,
Blood Cancer Journal,2044-5385,2044-5385,"HEMATOLOGY - SCIE; ONCOLOGY - SCIE","4,691",11.037,0.01144,
Physics of Life Reviews,1571-0645,1873-1457,"BIOPHYSICS - SCIE; BIOLOGY - SCIE","1,942",11.025,0.00328,
AMERICAN JOURNAL OF HUMAN GENETICS,0002-9297,1537-6605,"GENETICS & HEREDITY - SCIE","43,477",11.025,0.05420,
JOURNAL OF STRATEGIC INFORMATION SYSTEMS,0963-8687,1873-1198,"INFORMATION SCIENCE & LIBRARY SCIENCE - SSCI; COMPUTER SCIENCE, INFORMATION SYSTEMS - SCIE; MANAGEMENT - SSCI","2,945",11.022,0.00233,
Additive Manufacturing,2214-8604,2214-7810,"ENGINEERING, MANUFACTURING - SCIE; MATERIALS SCIENCE, MULTIDISCIPLINARY - SCIE","12,332",10.998,0.01844,
Arthritis & Rheumatology,2326-5191,2326-5205,"RHEUMATOLOGY - SCIE","16,730",10.995,0.04283,
Nanoscale Horizons,2055-6756,2055-6764,"NANOSCIENCE & NANOTECHNOLOGY - SCIE; CHEMISTRY, PHYSICAL - SCIE; MATERIALS SCIENCE, MULTIDISCIPLINARY - SCIE","3,434",10.989,0.00620,
Journal of Travel Research,0047-2875,1552-6763,"HOSPITALITY, LEISURE, SPORT & TOURISM - SSCI","14,155",10.982,0.00689,
TOURISM MANAGEMENT,0261-5177,1879-3193,"ENVIRONMENTAL STUDIES - SSCI; HOSPITALITY, LEISURE, SPORT & TOURISM - SSCI; MANAGEMENT - SSCI","37,117",10.967,0.02226,
PROCEEDINGS OF THE IEEE,0018-9219,1558-2256,"ENGINEERING, ELECTRICAL & ELECTRONIC - SCIE","36,371",10.961,0.02642,
MASS SPECTROMETRY REVIEWS,0277-7037,1098-2787,"SPECTROSCOPY - SCIE","4,513",10.946,0.00347,
NUCLEAR DATA SHEETS,0090-3752,1095-9904,"PHYSICS, NUCLEAR - SCIE","2,698",10.941,0.00265,
CEMENT AND CONCRETE RESEARCH,0008-8846,1873-3948,"CONSTRUCTION & BUILDING TECHNOLOGY - SCIE; MATERIALS SCIENCE, MULTIDISCIPLINARY - SCIE","51,010",10.933,0.02256,
AGEING RESEARCH REVIEWS,1568-1637,1872-9649,"CELL BIOLOGY - SCIE; GERIATRICS & GERONTOLOGY - SCIE","10,264",10.895,0.01351,
AMERICAN PSYCHOLOGIST,0003-066X,1935-990X,"PSYCHOLOGY, MULTIDISCIPLINARY - SSCI","36,450",10.885,0.01474,
AMERICAN JOURNAL OF GASTROENTEROLOGY,0002-9270,1572-0241,"GASTROENTEROLOGY & HEPATOLOGY - SCIE","37,888",10.864,0.03758,
GLOBAL CHANGE BIOLOGY,1354-1013,1365-2486,"BIODIVERSITY CONSERVATION - SCIE; ENVIRONMENTAL SCIENCES - SCIE; ECOLOGY - SCIE","57,192",10.863,0.06692,
IEEE TRANSACTIONS ON IMAGE PROCESSING,1057-7149,1941-0042,"ENGINEERING, ELECTRICAL & ELECTRONIC - SCIE; COMPUTER SCIENCE, ARTIFICIAL INTELLIGENCE - SCIE","58,008",10.856,0.07583,
Cell Discovery,N/A,2056-5968,"CELL BIOLOGY - SCIE","3,492",10.849,0.00677,
CURRENT BIOLOGY,0960-9822,1879-0445,"BIOCHEMISTRY & MOLECULAR BIOLOGY - SCIE; CELL BIOLOGY - SCIE; BIOLOGY - SCIE","78,289",10.834,0.11610,
JOURNAL OF ALLERGY AND CLINICAL IMMUNOLOGY,0091-6749,1097-6825,"IMMUNOLOGY - SCIE; ALLERGY - SCIE","63,614",10.793,0.06998,
CARDIOVASCULAR RESEARCH,0008-6363,1755-3245,"CARDIAC & CARDIOVASCULAR SYSTEMS - SCIE","26,765",10.787,0.01907,
SIAM REVIEW,0036-1445,1095-7200,"MATHEMATICS, APPLIED - SCIE","10,631",10.780,0.00849,
Annual Review of Analytical Chemistry,1936-1327,1936-1335,"CHEMISTRY, ANALYTICAL - SCIE; SPECTROSCOPY - SCIE","2,788",10.745,0.00370,
Bioengineering & Translational Medicine,N/A,2380-6761,"ENGINEERING, BIOMEDICAL - SCIE","1,105",10.711,0.00200,
IEEE NETWORK,0890-8044,1558-156X,"ENGINEERING, ELECTRICAL & ELECTRONIC - SCIE; COMPUTER SCIENCE, HARDWARE & ARCHITECTURE - SCIE; COMPUTER SCIENCE, INFORMATION SYSTEMS - SCIE; TELECOMMUNICATIONS - SCIE","6,526",10.693,0.01189,
BIOCHIMICA ET BIOPHYSICA ACTA-REVIEWS ON CANCER,0304-419X,1879-2561,"BIOPHYSICS - SCIE; BIOCHEMISTRY & MOLECULAR BIOLOGY - SCIE; ONCOLOGY - SCIE","7,025",10.680,0.00700,
AGE AND AGEING,0002-0729,1468-2834,"GERIATRICS & GERONTOLOGY - SCIE","17,130",10.668,0.01681,
