"Journal Data Filtered By:  Selected Categories: HEALTH CARE SCIENCES & SERVICES;HEALTH POLICY & SERVICES;PUBLIC, ENVIRONMENTAL & OCCUPATIONAL HEALTH Selected Editions: SCIE Selected JCR Year: 2022 Selected Category Schema: WOS Selected Open Access: N Indicator: Custom"

Journal name,JCR Abbreviation,ISSN,eISSN,Category,2022 JIF,2022 JCI,5 Year JIF,JIF Rank,JCI Rank
"Lancet Public Health","LANCET PUBLIC HEALTH","2468-2667","2468-2667","PUBLIC, ENVIRONMENTAL & OCCUPATIONAL HEALTH - SCIE","50","9.15","37.8"," 1/207 "," 2/399 ",
"Lancet Global Health","LANCET GLOB HEALTH","2214-109X","2214-109X","PUBLIC, ENVIRONMENTAL & OCCUPATIONAL HEALTH - SCIE","34.3","7.06","31.5"," 2/207 "," 5/399 ",
"MMWR-MORBIDITY AND MORTALITY WEEKLY REPORT","MMWR-MORBID MORTAL W","0149-2195","1545-861X","PUBLIC, ENVIRONMENTAL & OCCUPATIONAL HEALTH - SCIE","33.9","8.92","22.1"," 3/207 "," 3/399 ",
"MMWR Recommendations and Reports","MMWR RECOMM REP","1057-5987","1545-8601","PUBLIC, ENVIRONMENTAL & OCCUPATIONAL HEALTH - SCIE","33.7","10.5","32.2"," 4/207 "," 1/399 ",
"Lancet Planetary Health","LANCET PLANET HEALTH","N/A","2542-5196","PUBLIC, ENVIRONMENTAL & OCCUPATIONAL HEALTH - SCIE","25.7","4.19","26.2"," 5/207 "," 7/399 ",
"JOURNAL OF TRAVEL MEDICINE","J TRAVEL MED","1195-1982","1708-8305","PUBLIC, ENVIRONMENTAL & OCCUPATIONAL HEALTH - SCIE","25.7","1.69","13"," 5/207 "," 27/399 ",
"MMWR Surveillance Summaries","MMWR SURVEILL SUMM","1545-8636","1545-8636","PUBLIC, ENVIRONMENTAL & OCCUPATIONAL HEALTH - SCIE","24.9","7.02","35.7"," 7/207 "," 6/399 ",
"Annual Review of Public Health","ANNU REV PUBL HEALTH","0163-7525","1545-2093","PUBLIC, ENVIRONMENTAL & OCCUPATIONAL HEALTH - SCIE","20.8","3.21","27.4"," 8/207 "," 8/399 ",
"npj Digital Medicine","NPJ DIGIT MED","2398-6352","2398-6352","HEALTH CARE SCIENCES & SERVICES - SCIE","15.2","3.44","15.2"," 1/105 "," 2/166 ",
"EUROPEAN JOURNAL OF EPIDEMIOLOGY","EUR J EPIDEMIOL","0393-2990","1573-7284","PUBLIC, ENVIRONMENTAL & OCCUPATIONAL HEALTH - SCIE","13.6","2.87","11.9"," 9/207 "," 11/399 ",
"AMERICAN JOURNAL OF PUBLIC HEALTH","AM J PUBLIC HEALTH","0090-0036","1541-0048","PUBLIC, ENVIRONMENTAL & OCCUPATIONAL HEALTH - SCIE","12.7","1.98","11.1"," 10/207 "," 20/399 ",
"Travel Medicine and Infectious Disease","TRAVEL MED INFECT DI","1477-8939","1873-0442","PUBLIC, ENVIRONMENTAL & OCCUPATIONAL HEALTH - SCIE","12","1.79","8"," 11/207 "," 23/399 ",
"BULLETIN OF THE WORLD HEALTH ORGANIZATION","B WORLD HEALTH ORGAN","0042-9686","1564-0604","PUBLIC, ENVIRONMENTAL & OCCUPATIONAL HEALTH - SCIE","11.1","2.16","11.1"," 12/207 "," 15/399 ",
"Globalization and Health","GLOBALIZATION HEALTH","N/A","1744-8603","PUBLIC, ENVIRONMENTAL & OCCUPATIONAL HEALTH - SCIE","10.8","2.11","7.8"," 13/207 "," 17/399 ",
"ENVIRONMENTAL HEALTH PERSPECTIVES","ENVIRON HEALTH PERSP","0091-6765","1552-9924","PUBLIC, ENVIRONMENTAL & OCCUPATIONAL HEALTH - SCIE","10.4","2.29","10.7"," 14/207 "," 13/399 ",
"HEALTH AFFAIRS","HEALTH AFFAIR","0278-2715","0278-2715","HEALTH CARE SCIENCES & SERVICES - SCIE","9.7","2.89","8"," 2/105 "," 3/166 ",
"JMIR Public Health and Surveillance","JMIR PUBLIC HLTH SUR","2369-2960","2369-2960","PUBLIC, ENVIRONMENTAL & OCCUPATIONAL HEALTH - SCIE","8.5","1.82","N/A"," 15/207 "," 22/399 ",
"ENVIRONMENTAL RESEARCH","ENVIRON RES","0013-9351","1096-0953","PUBLIC, ENVIRONMENTAL & OCCUPATIONAL HEALTH - SCIE","8.3","1.78","8.2"," 16/207 "," 24/399 ",
"BMJ Global Health","BMJ GLOB HEALTH","2059-7908","2059-7908","PUBLIC, ENVIRONMENTAL & OCCUPATIONAL HEALTH - SCIE","8.1","1.49","7.6"," 17/207 "," 39/399 ",
"Current Environmental Health Reports","CURR ENV HLTH REP","N/A","2196-5412","PUBLIC, ENVIRONMENTAL & OCCUPATIONAL HEALTH - SCIE","7.9","1.53","N/A"," 18/207 "," 33/399 ",
"INTERNATIONAL JOURNAL OF EPIDEMIOLOGY","INT J EPIDEMIOL","0300-5771","1464-3685","PUBLIC, ENVIRONMENTAL & OCCUPATIONAL HEALTH - SCIE","7.7","2.19","9.7"," 19/207 "," 14/399 ",
"Journal of Adolescent Health","J ADOLESCENT HEALTH","1054-139X","1879-1972","PUBLIC, ENVIRONMENTAL & OCCUPATIONAL HEALTH - SCIE","7.6","2.14","6.7"," 20/207 "," 16/399 ",
"ACADEMIC MEDICINE","ACAD MED","1040-2446","1938-808X","HEALTH CARE SCIENCES & SERVICES - SCIE","7.4","2.01","7.4"," 3/105 "," 8/166 ",
"JOURNAL OF MEDICAL INTERNET RESEARCH","J MED INTERNET RES","1438-8871","N/A","HEALTH CARE SCIENCES & SERVICES - SCIE","7.4","1.72","7.6"," 3/105 "," 11/166 ",
"Journal of Epidemiology and Global Health","J EPIDEMIOL GLOB HEA","2210-6006","2210-6014","PUBLIC, ENVIRONMENTAL & OCCUPATIONAL HEALTH - SCIE","7.3","1.3","5.9"," 21/207 "," 48/399 ",
"Current Pollution Reports","CURR POLLUT REP","2198-6592","2198-6592","PUBLIC, ENVIRONMENTAL & OCCUPATIONAL HEALTH - SCIE","7.3","1.19","7.7"," 21/207 "," 65/399 ",
"Implementation Science","IMPLEMENT SCI","1748-5908","1748-5908","HEALTH CARE SCIENCES & SERVICES - SCIE","7.2","2.08","9.7"," 5/105 "," 6/166 ",
"JOURNAL OF CLINICAL EPIDEMIOLOGY","J CLIN EPIDEMIOL","0895-4356","1878-5921","HEALTH CARE SCIENCES & SERVICES - SCIE","7.2","2.05","7.4"," 5/105 "," 7/166 ",
"JOURNAL OF CLINICAL EPIDEMIOLOGY","J CLIN EPIDEMIOL","0895-4356","1878-5921","PUBLIC, ENVIRONMENTAL & OCCUPATIONAL HEALTH - SCIE","7.2","2.05","7.4"," 23/207 "," 18/399 ",
"Journal of Global Health","J GLOB HEALTH","2047-2978","2047-2986","PUBLIC, ENVIRONMENTAL & OCCUPATIONAL HEALTH - SCIE","7.2","1.06","6.6"," 23/207 "," 86/399 ",
"JOURNAL OF TOXICOLOGY AND ENVIRONMENTAL HEALTH-PART B-CRITICAL REVIEWS","J TOXICOL ENV HEAL B","1093-7404","1521-6950","PUBLIC, ENVIRONMENTAL & OCCUPATIONAL HEALTH - SCIE","7.2","0.83","8.4"," 23/207 "," 139/399 ",
"Lancet Regional Health-Western Pacific","LANCET REG HEALTH-W","N/A","2666-6065","HEALTH CARE SCIENCES & SERVICES - SCIE","7.1","1.92","N/A"," 7/105 "," 9/166 ",
"Lancet Regional Health-Western Pacific","LANCET REG HEALTH-W","N/A","2666-6065","PUBLIC, ENVIRONMENTAL & OCCUPATIONAL HEALTH - SCIE","7.1","1.92","N/A"," 26/207 "," 21/399 ",
"Journal of Hospital Infection","J HOSP INFECT","0195-6701","1532-2939","PUBLIC, ENVIRONMENTAL & OCCUPATIONAL HEALTH - SCIE","6.9","1.32","4.9"," 27/207 "," 44/399 ",
"Journal of Infection and Public Health","J INFECT PUBLIC HEAL","1876-0341","1876-035X","PUBLIC, ENVIRONMENTAL & OCCUPATIONAL HEALTH - SCIE","6.7","1.35","5.5"," 28/207 "," 42/399 ",
"MILBANK QUARTERLY","MILBANK Q","0887-378X","1468-0009","HEALTH CARE SCIENCES & SERVICES - SCIE","6.6","2.12","6.7"," 8/105 "," 5/166 ",
"JOURNAL OF URBAN HEALTH-BULLETIN OF THE NEW YORK ACADEMY OF MEDICINE","J URBAN HEALTH","1099-3460","1468-2869","PUBLIC, ENVIRONMENTAL & OCCUPATIONAL HEALTH - SCIE","6.6","1.6","5.2"," 29/207 "," 30/399 ",
"JOURNAL OF THE AMERICAN MEDICAL INFORMATICS ASSOCIATION","J AM MED INFORM ASSN","1067-5027","1527-974X","HEALTH CARE SCIENCES & SERVICES - SCIE","6.4","1.59","6.3"," 9/105 "," 14/166 ",
"JOURNAL OF EPIDEMIOLOGY AND COMMUNITY HEALTH","J EPIDEMIOL COMMUN H","0143-005X","1470-2738","PUBLIC, ENVIRONMENTAL & OCCUPATIONAL HEALTH - SCIE","6.3","1.51","5.5"," 30/207 "," 34/399 ",
"SCANDINAVIAN JOURNAL OF WORK ENVIRONMENT & HEALTH","SCAND J WORK ENV HEA","0355-3140","1795-990X","PUBLIC, ENVIRONMENTAL & OCCUPATIONAL HEALTH - SCIE","6.3","1.16","5.9"," 30/207 "," 70/399 ",
"MEDICAL EDUCATION","MED EDUC","0308-0110","1365-2923","HEALTH CARE SCIENCES & SERVICES - SCIE","6","1.71","6.4"," 10/105 "," 12/166 ",
"INTERNATIONAL JOURNAL OF HYGIENE AND ENVIRONMENTAL HEALTH","INT J HYG ENVIR HEAL","1438-4639","1618-131X","PUBLIC, ENVIRONMENTAL & OCCUPATIONAL HEALTH - SCIE","6","1.48","6.2"," 32/207 "," 40/399 ",
"Environmental Health","ENVIRON HEALTH-GLOB","N/A","1476-069X","PUBLIC, ENVIRONMENTAL & OCCUPATIONAL HEALTH - SCIE","6","1.18","7"," 32/207 "," 67/399 ",
"INDOOR AIR","INDOOR AIR","0905-6947","1600-0668","PUBLIC, ENVIRONMENTAL & OCCUPATIONAL HEALTH - SCIE","5.8","0.99","6.3"," 34/207 "," 102/399 ",
"JOURNAL OF GENERAL INTERNAL MEDICINE","J GEN INTERN MED","0884-8734","1525-1497","HEALTH CARE SCIENCES & SERVICES - SCIE","5.7","1.35","6.2"," 11/105 "," 20/166 ",
"NEUROEPIDEMIOLOGY","NEUROEPIDEMIOLOGY","0251-5350","1423-0208","PUBLIC, ENVIRONMENTAL & OCCUPATIONAL HEALTH - SCIE","5.7","1.1","4.6"," 35/207 "," 79/399 ",
"ANNALS OF EPIDEMIOLOGY","ANN EPIDEMIOL","1047-2797","1873-2585","PUBLIC, ENVIRONMENTAL & OCCUPATIONAL HEALTH - SCIE","5.6","1.31","5.1"," 36/207 "," 45/399 ",
"AMERICAN JOURNAL OF PREVENTIVE MEDICINE","AM J PREV MED","0749-3797","1873-2607","PUBLIC, ENVIRONMENTAL & OCCUPATIONAL HEALTH - SCIE","5.5","1.46","5.9"," 37/207 "," 41/399 ",
"Antimicrobial Resistance and Infection Control","ANTIMICROB RESIST IN","2047-2994","2047-2994","PUBLIC, ENVIRONMENTAL & OCCUPATIONAL HEALTH - SCIE","5.5","1.15","6.1"," 37/207 "," 72/399 ",
"Preventing Chronic Disease","PREV CHRONIC DIS","1545-1151","1545-1151","PUBLIC, ENVIRONMENTAL & OCCUPATIONAL HEALTH - SCIE","5.5","0.91","4.4"," 37/207 "," 116/399 ",
"EPIDEMIOLOGIC REVIEWS","EPIDEMIOL REV","0193-936X","1478-6729","PUBLIC, ENVIRONMENTAL & OCCUPATIONAL HEALTH - SCIE","5.5","0.71","8.1"," 37/207 "," 177/399 ",
"BMJ Quality & Safety","BMJ QUAL SAF","2044-5415","2044-5423","HEALTH CARE SCIENCES & SERVICES - SCIE","5.4","1.85","6.7"," 12/105 "," 10/166 ",
"SOCIAL SCIENCE & MEDICINE","SOC SCI MED","0277-9536","1873-5347","PUBLIC, ENVIRONMENTAL & OCCUPATIONAL HEALTH - SCIE","5.4","1.6","5.8"," 41/207 "," 30/399 ",
"EPIDEMIOLOGY","EPIDEMIOLOGY","1044-3983","1531-5487","PUBLIC, ENVIRONMENTAL & OCCUPATIONAL HEALTH - SCIE","5.4","1.19","6.2"," 41/207 "," 65/399 ",
"JOURNAL OF MEDICAL SYSTEMS","J MED SYST","0148-5598","1573-689X","HEALTH CARE SCIENCES & SERVICES - SCIE","5.3","1.2","5.2"," 13/105 "," 31/166 ",
"TOBACCO CONTROL","TOB CONTROL","0964-4563","1468-3318","PUBLIC, ENVIRONMENTAL & OCCUPATIONAL HEALTH - SCIE","5.2","1.74","5.7"," 43/207 "," 26/399 ",
"Frontiers in Public Health","FRONT PUBLIC HEALTH","N/A","2296-2565","PUBLIC, ENVIRONMENTAL & OCCUPATIONAL HEALTH - SCIE","5.2","1.2","5.5"," 43/207 "," 61/399 ",
"PUBLIC HEALTH","PUBLIC HEALTH","0033-3506","1476-5616","PUBLIC, ENVIRONMENTAL & OCCUPATIONAL HEALTH - SCIE","5.2","1","4.2"," 43/207 "," 98/399 ",
"Preventive Medicine","PREV MED","0091-7435","1096-0260","PUBLIC, ENVIRONMENTAL & OCCUPATIONAL HEALTH - SCIE","5.1","1.28","5"," 46/207 "," 52/399 ",
"OCCUPATIONAL MEDICINE-OXFORD","OCCUP MED-OXFORD","0962-7480","1471-8405","PUBLIC, ENVIRONMENTAL & OCCUPATIONAL HEALTH - SCIE","5.1","0.81","3.8"," 46/207 "," 147/399 ",
"Health Reports","HEALTH REP","0840-6529","1209-1367","PUBLIC, ENVIRONMENTAL & OCCUPATIONAL HEALTH - SCIE","5","1.5","5.6"," 48/207 "," 37/399 ",
"AMERICAN JOURNAL OF EPIDEMIOLOGY","AM J EPIDEMIOL","0002-9262","1476-6256","PUBLIC, ENVIRONMENTAL & OCCUPATIONAL HEALTH - SCIE","5","1.29","5.8"," 48/207 "," 49/399 ",
"JMIR mHealth and uHealth","JMIR MHEALTH UHEALTH","2291-5222","2291-5222","HEALTH CARE SCIENCES & SERVICES - SCIE","5","1.22","5.7"," 14/105 "," 29/166 ",
"One Health","ONE HEALTH-AMSTERDAM","N/A","2352-7714","PUBLIC, ENVIRONMENTAL & OCCUPATIONAL HEALTH - SCIE","5","1.14","5"," 48/207 "," 74/399 ",
"JOURNAL OF RURAL HEALTH","J RURAL HEALTH","0890-765X","1748-0361","HEALTH CARE SCIENCES & SERVICES - SCIE","4.9","1.31","4.7"," 15/105 "," 22/166 ",
"JOURNAL OF RURAL HEALTH","J RURAL HEALTH","0890-765X","1748-0361","PUBLIC, ENVIRONMENTAL & OCCUPATIONAL HEALTH - SCIE","4.9","1.31","4.7"," 51/207 "," 45/399 ",
"OCCUPATIONAL AND ENVIRONMENTAL MEDICINE","OCCUP ENVIRON MED","1351-0711","1470-7926","PUBLIC, ENVIRONMENTAL & OCCUPATIONAL HEALTH - SCIE","4.9","1.24","4.8"," 51/207 "," 56/399 ",
"INTERNATIONAL JOURNAL OF MEDICAL INFORMATICS","INT J MED INFORM","1386-5056","1872-8243","HEALTH CARE SCIENCES & SERVICES - SCIE","4.9","1.13","5.4"," 15/105 "," 33/166 ",
"AMERICAN JOURNAL OF INFECTION CONTROL","AM J INFECT CONTROL","0196-6553","1527-3296","PUBLIC, ENVIRONMENTAL & OCCUPATIONAL HEALTH - SCIE","4.9","1.03","3.4"," 51/207 "," 91/399 ",
"International Journal of Health Geographics","INT J HEALTH GEOGR","1476-072X","1476-072X","PUBLIC, ENVIRONMENTAL & OCCUPATIONAL HEALTH - SCIE","4.9","1.01","4.8"," 51/207 "," 94/399 ",
"HEALTH & PLACE","HEALTH PLACE","1353-8292","1873-2054","PUBLIC, ENVIRONMENTAL & OCCUPATIONAL HEALTH - SCIE","4.8","1.31","5.4"," 55/207 "," 45/399 ",
"LGBT Health","LGBT HEALTH","2325-8292","2325-8306","PUBLIC, ENVIRONMENTAL & OCCUPATIONAL HEALTH - SCIE","4.8","1.28","5.5"," 55/207 "," 52/399 ",
"GeoHealth","GEOHEALTH","2471-1403","2471-1403","PUBLIC, ENVIRONMENTAL & OCCUPATIONAL HEALTH - SCIE","4.8","1.06","5.4"," 55/207 "," 86/399 ",
"China CDC Weekly","CHINA CDC WEEKLY","N/A","2096-7071","PUBLIC, ENVIRONMENTAL & OCCUPATIONAL HEALTH - SCIE","4.7","1.51","4.6"," 58/207 "," 34/399 ",
"JOURNAL OF TELEMEDICINE AND TELECARE","J TELEMED TELECARE","1357-633X","1758-1109","HEALTH CARE SCIENCES & SERVICES - SCIE","4.7","1.49","5.6"," 17/105 "," 16/166 ",
"MEDICAL TEACHER","MED TEACH","0142-159X","1466-187X","HEALTH CARE SCIENCES & SERVICES - SCIE","4.7","1.43","4.5"," 17/105 "," 17/166 ",
"Telemedicine and e-Health","TELEMED E-HEALTH","1530-5627","1556-3669","HEALTH CARE SCIENCES & SERVICES - SCIE","4.7","1.39","4.3"," 17/105 "," 18/166 ",
"JOURNAL OF PAIN AND SYMPTOM MANAGEMENT","J PAIN SYMPTOM MANAG","0885-3924","1873-6513","HEALTH CARE SCIENCES & SERVICES - SCIE","4.7","1.36","4.8"," 17/105 "," 19/166 ",
"NICOTINE & TOBACCO RESEARCH","NICOTINE TOB RES","1462-2203","1469-994X","PUBLIC, ENVIRONMENTAL & OCCUPATIONAL HEALTH - SCIE","4.7","1.29","4.2"," 58/207 "," 49/399 ",
"JOURNAL OF EPIDEMIOLOGY","J EPIDEMIOL","0917-5040","0917-5040","PUBLIC, ENVIRONMENTAL & OCCUPATIONAL HEALTH - SCIE","4.7","1.24","4.9"," 58/207 "," 56/399 ",
"SSM-Population Health","SSM-POPUL HLTH","2352-8273","2352-8273","PUBLIC, ENVIRONMENTAL & OCCUPATIONAL HEALTH - SCIE","4.7","1.2","4.7"," 58/207 "," 61/399 ",
"Environmental Health and Preventive Medicine","ENVIRON HEALTH PREV","1342-078X","1347-4715","PUBLIC, ENVIRONMENTAL & OCCUPATIONAL HEALTH - SCIE","4.7","1.07","4.9"," 58/207 "," 83/399 ",
"International Journal of Transgender Health","INT J TRANSGEND HEAL","2689-5269","2689-5277","PUBLIC, ENVIRONMENTAL & OCCUPATIONAL HEALTH - SCIE","4.6","1.17","4.6"," 63/207 "," 69/399 ",
"International Journal of Public Health","INT J PUBLIC HEALTH","1661-8556","1661-8564","PUBLIC, ENVIRONMENTAL & OCCUPATIONAL HEALTH - SCIE","4.6","0.91","4.1"," 63/207 "," 116/399 ",
"Disability and Health Journal","DISABIL HEALTH J","1936-6574","1876-7583","HEALTH CARE SCIENCES & SERVICES - SCIE","4.5","1.51","4"," 21/105 "," 15/166 ",
"Disability and Health Journal","DISABIL HEALTH J","1936-6574","1876-7583","PUBLIC, ENVIRONMENTAL & OCCUPATIONAL HEALTH - SCIE","4.5","1.51","4"," 65/207 "," 34/399 ",
"VALUE IN HEALTH","VALUE HEALTH","1098-3015","1524-4733","HEALTH CARE SCIENCES & SERVICES - SCIE","4.5","1.26","6.2"," 21/105 "," 25/166 ",
"Journal of Exposure Science and Environmental Epidemiology","J EXPO SCI ENV EPID","1559-0631","1559-064X","PUBLIC, ENVIRONMENTAL & OCCUPATIONAL HEALTH - SCIE","4.5","1.22","5.3"," 65/207 "," 59/399 ",
"BMC PUBLIC HEALTH","BMC PUBLIC HEALTH","N/A","1471-2458","PUBLIC, ENVIRONMENTAL & OCCUPATIONAL HEALTH - SCIE","4.5","1.11","4.7"," 65/207 "," 76/399 ",
"INFECTION CONTROL AND HOSPITAL EPIDEMIOLOGY","INFECT CONT HOSP EP","0899-823X","1559-6834","PUBLIC, ENVIRONMENTAL & OCCUPATIONAL HEALTH - SCIE","4.5","0.82","3.5"," 65/207 "," 143/399 ",
"PALLIATIVE MEDICINE","PALLIATIVE MED","0269-2163","1477-030X","HEALTH CARE SCIENCES & SERVICES - SCIE","4.4","1.18","5.5"," 23/105 "," 32/166 ",
"PALLIATIVE MEDICINE","PALLIATIVE MED","0269-2163","1477-030X","PUBLIC, ENVIRONMENTAL & OCCUPATIONAL HEALTH - SCIE","4.4","1.18","5.5"," 69/207 "," 67/399 ",
"PHARMACOECONOMICS","PHARMACOECONOMICS","1170-7690","1179-2027","HEALTH CARE SCIENCES & SERVICES - SCIE","4.4","1.13","4.7"," 23/105 "," 33/166 ",
"JOURNAL OF PUBLIC HEALTH","J PUBLIC HEALTH-UK","1741-3842","1741-3850","PUBLIC, ENVIRONMENTAL & OCCUPATIONAL HEALTH - SCIE","4.4","1.1","3.6"," 69/207 "," 79/399 ",
"EUROPEAN JOURNAL OF PUBLIC HEALTH","EUR J PUBLIC HEALTH","1101-1262","1464-360X","PUBLIC, ENVIRONMENTAL & OCCUPATIONAL HEALTH - SCIE","4.4","0.87","4.2"," 69/207 "," 126/399 ",
"Internet Interventions-The Application of Information Technology in Mental and Behavioural Health","INTERNET INTERV","N/A","2214-7829","HEALTH CARE SCIENCES & SERVICES - SCIE","4.3","1.02","4.6"," 25/105 "," 42/166 ",
"JOURNAL OF HEALTH POLITICS POLICY AND LAW","J HEALTH POLIT POLIC","0361-6878","N/A","HEALTH CARE SCIENCES & SERVICES - SCIE","4.2","1.61","3.1"," 26/105 "," 13/166 ",
"DRUG SAFETY","DRUG SAFETY","0114-5916","1179-1942","PUBLIC, ENVIRONMENTAL & OCCUPATIONAL HEALTH - SCIE","4.2","1.03","4.3"," 72/207 "," 91/399 ",
"EPIDEMIOLOGY AND INFECTION","EPIDEMIOL INFECT","0950-2688","1469-4409","PUBLIC, ENVIRONMENTAL & OCCUPATIONAL HEALTH - SCIE","4.2","0.85","3.1"," 72/207 "," 131/399 ",
"ENVIRONMENTAL GEOCHEMISTRY AND HEALTH","ENVIRON GEOCHEM HLTH","0269-4042","1573-2983","PUBLIC, ENVIRONMENTAL & OCCUPATIONAL HEALTH - SCIE","4.2","0.84","4.4"," 72/207 "," 134/399 ",
"ADVANCES IN HEALTH SCIENCES EDUCATION","ADV HEALTH SCI EDUC","1382-4996","1573-1677","HEALTH CARE SCIENCES & SERVICES - SCIE","4","1.35","3.9"," 27/105 "," 20/166 ",
"BMC Medical Research Methodology","BMC MED RES METHODOL","N/A","1471-2288","HEALTH CARE SCIENCES & SERVICES - SCIE","4","1.23","7"," 27/105 "," 28/166 ",
"JMIR Serious Games","JMIR SERIOUS GAMES","2291-9279","2291-9279","HEALTH CARE SCIENCES & SERVICES - SCIE","4","0.91","4.2"," 27/105 "," 56/166 ",
"JMIR Serious Games","JMIR SERIOUS GAMES","2291-9279","2291-9279","PUBLIC, ENVIRONMENTAL & OCCUPATIONAL HEALTH - SCIE","4","0.91","4.2"," 75/207 "," 116/399 ",
"Global Health-Science and Practice","GLOB HEALTH-SCI PRAC","2169-575X","2169-575X","PUBLIC, ENVIRONMENTAL & OCCUPATIONAL HEALTH - SCIE","4","0.63","4"," 75/207 "," 210/399 ",
"Clinical Epidemiology","CLIN EPIDEMIOL","1179-1349","1179-1349","PUBLIC, ENVIRONMENTAL & OCCUPATIONAL HEALTH - SCIE","3.9","1.16","5.1"," 77/207 "," 70/399 ",
"Digital Health","DIGIT HEALTH","2055-2076","2055-2076","HEALTH CARE SCIENCES & SERVICES - SCIE","3.9","0.92","4.4"," 30/105 "," 55/166 ",
"Digital Health","DIGIT HEALTH","2055-2076","2055-2076","PUBLIC, ENVIRONMENTAL & OCCUPATIONAL HEALTH - SCIE","3.9","0.92","4.4"," 77/207 "," 113/399 ",
"REVIEWS ON ENVIRONMENTAL HEALTH","REV ENVIRON HEALTH","0048-7554","2191-0308","PUBLIC, ENVIRONMENTAL & OCCUPATIONAL HEALTH - SCIE","3.9","0.47","4.5"," 77/207 "," 274/399 ",
"PSYCHIATRIC SERVICES","PSYCHIAT SERV","1075-2730","1557-9700","PUBLIC, ENVIRONMENTAL & OCCUPATIONAL HEALTH - SCIE","3.8","1.11","3.9"," 80/207 "," 76/399 ",
"Psychology Health & Medicine","PSYCHOL HEALTH MED","1354-8506","1465-3966","PUBLIC, ENVIRONMENTAL & OCCUPATIONAL HEALTH - SCIE","3.8","1","3.5"," 80/207 "," 98/399 ",
"JOURNAL OF PUBLIC HEALTH POLICY","J PUBLIC HEALTH POL","0197-5897","1745-655X","HEALTH CARE SCIENCES & SERVICES - SCIE","3.8","0.96","3.3"," 31/105 "," 50/166 ",
"JOURNAL OF PUBLIC HEALTH POLICY","J PUBLIC HEALTH POL","0197-5897","1745-655X","PUBLIC, ENVIRONMENTAL & OCCUPATIONAL HEALTH - SCIE","3.8","0.96","3.3"," 80/207 "," 104/399 ",
"CANCER EPIDEMIOLOGY BIOMARKERS & PREVENTION","CANCER EPIDEM BIOMAR","1055-9965","1538-7755","PUBLIC, ENVIRONMENTAL & OCCUPATIONAL HEALTH - SCIE","3.8","0.94","4.8"," 80/207 "," 109/399 ",
"Epidemiology and Health","EPIDEMIOL HEALTH","2092-7193","2092-7193","PUBLIC, ENVIRONMENTAL & OCCUPATIONAL HEALTH - SCIE","3.8","0.94","4.4"," 80/207 "," 109/399 ",
"INJURY PREVENTION","INJURY PREV","1353-8047","1475-5785","PUBLIC, ENVIRONMENTAL & OCCUPATIONAL HEALTH - SCIE","3.7","1.01","3.1"," 85/207 "," 94/399 ",
"Evolution Medicine and Public Health","EVOL MED PUBLIC HLTH","N/A","2050-6201","PUBLIC, ENVIRONMENTAL & OCCUPATIONAL HEALTH - SCIE","3.7","0.8","4.4"," 85/207 "," 151/399 ",
"Tobacco Induced Diseases","TOB INDUC DIS","1617-9625","1617-9625","PUBLIC, ENVIRONMENTAL & OCCUPATIONAL HEALTH - SCIE","3.7","0.64","3.3"," 85/207 "," 206/399 ",
"Perspectives on Medical Education","PERSPECT MED EDUC","2212-2761","2212-277X","HEALTH CARE SCIENCES & SERVICES - SCIE","3.6","1.31","4.3"," 32/105 "," 22/166 ",
"Health and Quality of Life Outcomes","HEALTH QUAL LIFE OUT","N/A","1477-7525","HEALTH CARE SCIENCES & SERVICES - SCIE","3.6","1.07","4.1"," 32/105 "," 38/166 ",
"Patient-Patient Centered Outcomes Research","PATIENT","1178-1653","1178-1661","HEALTH CARE SCIENCES & SERVICES - SCIE","3.6","1.02","4.2"," 32/105 "," 42/166 ",
"HEALTH TECHNOLOGY ASSESSMENT","HEALTH TECHNOL ASSES","1366-5278","2046-4924","HEALTH CARE SCIENCES & SERVICES - SCIE","3.6","1","4.5"," 32/105 "," 46/166 ",
"Applied Health Economics and Health Policy","APPL HEALTH ECON HEA","1175-5652","1179-1896","HEALTH CARE SCIENCES & SERVICES - SCIE","3.6","0.96","3.5"," 32/105 "," 50/166 ",
"Translational Behavioral Medicine","TRANSL BEHAV MED","1869-6716","1613-9860","PUBLIC, ENVIRONMENTAL & OCCUPATIONAL HEALTH - SCIE","3.6","0.92","3.9"," 88/207 "," 113/399 ",
"MEDICAL DECISION MAKING","MED DECIS MAKING","0272-989X","1552-681X","HEALTH CARE SCIENCES & SERVICES - SCIE","3.6","0.88","3.3"," 32/105 "," 59/166 ",
"Conflict and Health","CONFL HEALTH","1752-1505","1752-1505","PUBLIC, ENVIRONMENTAL & OCCUPATIONAL HEALTH - SCIE","3.6","0.83","3.9"," 88/207 "," 139/399 ",
"INDOOR AND BUILT ENVIRONMENT","INDOOR BUILT ENVIRON","1420-326X","1423-0070","PUBLIC, ENVIRONMENTAL & OCCUPATIONAL HEALTH - SCIE","3.6","0.54","3.4"," 88/207 "," 240/399 ",
"JOURNAL OF HEALTH ECONOMICS","J HEALTH ECON","0167-6296","1879-1646","HEALTH CARE SCIENCES & SERVICES - SCIE","3.5","1.22","4.5"," 38/105 "," 29/166 ",
"PATIENT EDUCATION AND COUNSELING","PATIENT EDUC COUNS","0738-3991","1873-5134","PUBLIC, ENVIRONMENTAL & OCCUPATIONAL HEALTH - SCIE","3.5","1.2","3.8"," 91/207 "," 61/399 ",
"Risk Management and Healthcare Policy","RISK MANAG HEALTHC P","N/A","1179-1594","HEALTH CARE SCIENCES & SERVICES - SCIE","3.5","1.13","3.6"," 38/105 "," 33/166 ",
"JOURNAL OF WOMENS HEALTH","J WOMENS HEALTH","1540-9996","1931-843X","PUBLIC, ENVIRONMENTAL & OCCUPATIONAL HEALTH - SCIE","3.5","1.11","3.4"," 91/207 "," 76/399 ",
"International Journal of Health Policy and Management","INT J HEALTH POLICY","N/A","2322-5939","HEALTH CARE SCIENCES & SERVICES - SCIE","3.5","1.04","3.9"," 38/105 "," 41/166 ",
"QUALITY OF LIFE RESEARCH","QUAL LIFE RES","0962-9343","1573-2649","HEALTH CARE SCIENCES & SERVICES - SCIE","3.5","1.01","4.4"," 38/105 "," 45/166 ",
"QUALITY OF LIFE RESEARCH","QUAL LIFE RES","0962-9343","1573-2649","PUBLIC, ENVIRONMENTAL & OCCUPATIONAL HEALTH - SCIE","3.5","1.01","4.4"," 91/207 "," 94/399 ",
"Safety and Health at Work","SAF HEALTH WORK-KR","2093-7911","2093-7997","PUBLIC, ENVIRONMENTAL & OCCUPATIONAL HEALTH - SCIE","3.5","0.93","3.8"," 91/207 "," 111/399 ",
"AMERICAN JOURNAL OF INDUSTRIAL MEDICINE","AM J IND MED","0271-3586","1097-0274","PUBLIC, ENVIRONMENTAL & OCCUPATIONAL HEALTH - SCIE","3.5","0.75","2.9"," 91/207 "," 163/399 ",
"AUSTRALIAN AND NEW ZEALAND JOURNAL OF PUBLIC HEALTH","AUST NZ J PUBL HEAL","1326-0200","1753-6405","PUBLIC, ENVIRONMENTAL & OCCUPATIONAL HEALTH - SCIE","3.5","0.72","3.3"," 91/207 "," 174/399 ",
"BIOMEDICAL AND ENVIRONMENTAL SCIENCES","BIOMED ENVIRON SCI","0895-3988","2214-0190","PUBLIC, ENVIRONMENTAL & OCCUPATIONAL HEALTH - SCIE","3.5","0.47","3.6"," 91/207 "," 274/399 ",
"HEALTH SERVICES RESEARCH","HEALTH SERV RES","0017-9124","1475-6773","HEALTH CARE SCIENCES & SERVICES - SCIE","3.4","1.08","3.8"," 42/105 "," 36/166 ",
"Pathogens and Global Health","PATHOG GLOB HEALTH","2047-7724","2047-7732","PUBLIC, ENVIRONMENTAL & OCCUPATIONAL HEALTH - SCIE","3.4","0.89","3.2"," 98/207 "," 119/399 ",
"INTERNATIONAL JOURNAL OF HEALTH SERVICES","INT J HEALTH SERV","0020-7314","1541-4469","HEALTH CARE SCIENCES & SERVICES - SCIE","3.4","0.84","2.7"," 42/105 "," 65/166 ",
"Reproductive Health","REPROD HEALTH","N/A","1742-4755","PUBLIC, ENVIRONMENTAL & OCCUPATIONAL HEALTH - SCIE","3.4","0.84","4.2"," 98/207 "," 134/399 ",
"SCANDINAVIAN JOURNAL OF PUBLIC HEALTH","SCAND J PUBLIC HEALT","1403-4948","1651-1905","PUBLIC, ENVIRONMENTAL & OCCUPATIONAL HEALTH - SCIE","3.4","0.84","3.4"," 98/207 "," 134/399 ",
"HASTINGS CENTER REPORT","HASTINGS CENT REP","0093-0334","1552-146X","HEALTH CARE SCIENCES & SERVICES - SCIE","3.3","1.29","3"," 44/105 "," 24/166 ",
"HEALTH POLICY","HEALTH POLICY","0168-8510","1872-6054","HEALTH CARE SCIENCES & SERVICES - SCIE","3.3","1.05","3.4"," 44/105 "," 40/166 ",
"AMERICAN JOURNAL OF TROPICAL MEDICINE AND HYGIENE","AM J TROP MED HYG","0002-9637","1476-1645","PUBLIC, ENVIRONMENTAL & OCCUPATIONAL HEALTH - SCIE","3.3","1","2.8"," 101/207 "," 98/399 ",
"Journal of Multidisciplinary Healthcare","J MULTIDISCIP HEALTH","1178-2390","1178-2390","HEALTH CARE SCIENCES & SERVICES - SCIE","3.3","0.93","3.3"," 44/105 "," 54/166 ",
"PUBLIC HEALTH REPORTS","PUBLIC HEALTH REP","0033-3549","1468-2877","PUBLIC, ENVIRONMENTAL & OCCUPATIONAL HEALTH - SCIE","3.3","0.81","3.4"," 101/207 "," 147/399 ",
"Archives of Public Health","ARCH PUBLIC HEALTH","0778-7367","2049-3258","PUBLIC, ENVIRONMENTAL & OCCUPATIONAL HEALTH - SCIE","3.3","0.71","3.4"," 101/207 "," 177/399 ",
"Current Epidemiology Reports","CURR EPIDEMIOL REP","N/A","2196-2995","PUBLIC, ENVIRONMENTAL & OCCUPATIONAL HEALTH - SCIE","3.3","0.7","N/A"," 101/207 "," 181/399 ",
"TROPICAL MEDICINE & INTERNATIONAL HEALTH","TROP MED INT HEALTH","1360-2276","1365-3156","PUBLIC, ENVIRONMENTAL & OCCUPATIONAL HEALTH - SCIE","3.3","0.63","2.9"," 101/207 "," 210/399 ",
"HEALTH POLICY AND PLANNING","HEALTH POLICY PLANN","0268-1080","1460-2237","HEALTH CARE SCIENCES & SERVICES - SCIE","3.2","1.02","3.8"," 47/105 "," 42/166 ",
"PUBLIC HEALTH NUTRITION","PUBLIC HEALTH NUTR","1368-9800","1475-2727","PUBLIC, ENVIRONMENTAL & OCCUPATIONAL HEALTH - SCIE","3.2","0.92","4"," 106/207 "," 113/399 ",
"HEALTH EXPECTATIONS","HEALTH EXPECT","1369-6513","1369-7625","HEALTH CARE SCIENCES & SERVICES - SCIE","3.2","0.89","4"," 47/105 "," 57/166 ",
"HEALTH EXPECTATIONS","HEALTH EXPECT","1369-6513","1369-7625","PUBLIC, ENVIRONMENTAL & OCCUPATIONAL HEALTH - SCIE","3.2","0.89","4"," 106/207 "," 119/399 ",
"JOURNAL OF OCCUPATIONAL AND ENVIRONMENTAL MEDICINE","J OCCUP ENVIRON MED","1076-2752","1536-5948","PUBLIC, ENVIRONMENTAL & OCCUPATIONAL HEALTH - SCIE","3.2","0.74","2.9"," 106/207 "," 167/399 ",
"AMERICAN JOURNAL OF MANAGED CARE","AM J MANAG CARE","1088-0224","N/A","HEALTH CARE SCIENCES & SERVICES - SCIE","3.2","0.73","3.2"," 47/105 "," 74/166 ",
"ETHNICITY & DISEASE","ETHNIC DIS","1049-510X","1945-0826","PUBLIC, ENVIRONMENTAL & OCCUPATIONAL HEALTH - SCIE","3.2","0.69","3.1"," 106/207 "," 184/399 ",
"INTERNATIONAL JOURNAL OF ENVIRONMENTAL HEALTH RESEARCH","INT J ENVIRON HEAL R","0960-3123","1369-1619","PUBLIC, ENVIRONMENTAL & OCCUPATIONAL HEALTH - SCIE","3.2","0.66","3.1"," 106/207 "," 198/399 ",
"INTERNATIONAL JOURNAL OF TECHNOLOGY ASSESSMENT IN HEALTH CARE","INT J TECHNOL ASSESS","0266-4623","1471-6348","HEALTH CARE SCIENCES & SERVICES - SCIE","3.2","0.52","2.6"," 47/105 "," 110/166 ",
"INTERNATIONAL JOURNAL OF TECHNOLOGY ASSESSMENT IN HEALTH CARE","INT J TECHNOL ASSESS","0266-4623","1471-6348","PUBLIC, ENVIRONMENTAL & OCCUPATIONAL HEALTH - SCIE","3.2","0.52","2.6"," 106/207 "," 251/399 ",
"ETHNICITY & HEALTH","ETHNIC HEALTH","1355-7858","1465-3419","PUBLIC, ENVIRONMENTAL & OCCUPATIONAL HEALTH - SCIE","3.1","1.27","3.1"," 112/207 "," 54/399 ",
"BMC Palliative Care","BMC PALLIAT CARE","1472-684X","1472-684X","HEALTH CARE SCIENCES & SERVICES - SCIE","3.1","0.97","3.7"," 51/105 "," 48/166 ",
"SUPPORTIVE CARE IN CANCER","SUPPORT CARE CANCER","0941-4355","1433-7339","HEALTH CARE SCIENCES & SERVICES - SCIE","3.1","0.94","3.5"," 51/105 "," 53/166 ",
"Asian Pacific Journal of Tropical Medicine","ASIAN PAC J TROP MED","1995-7645","2352-4146","PUBLIC, ENVIRONMENTAL & OCCUPATIONAL HEALTH - SCIE","3.1","0.7","2.4"," 112/207 "," 181/399 ",
"MEDICAL CARE","MED CARE","0025-7079","1537-1948","HEALTH CARE SCIENCES & SERVICES - SCIE","3","1","3.6"," 53/105 "," 46/166 ",
"MEDICAL CARE","MED CARE","0025-7079","1537-1948","PUBLIC, ENVIRONMENTAL & OCCUPATIONAL HEALTH - SCIE","3","1","3.6"," 114/207 "," 98/399 ",
"INTERNATIONAL ARCHIVES OF OCCUPATIONAL AND ENVIRONMENTAL HEALTH","INT ARCH OCC ENV HEA","0340-0131","1432-1246","PUBLIC, ENVIRONMENTAL & OCCUPATIONAL HEALTH - SCIE","3","0.78","3.1"," 114/207 "," 154/399 ",
"Health Informatics Journal","HEALTH INFORM J","1460-4582","1741-2811","HEALTH CARE SCIENCES & SERVICES - SCIE","3","0.76","3"," 53/105 "," 68/166 ",
"Journal of Occupational Medicine and Toxicology","J OCCUP MED TOXICOL","1745-6673","1745-6673","PUBLIC, ENVIRONMENTAL & OCCUPATIONAL HEALTH - SCIE","3","0.72","2.7"," 114/207 "," 174/399 ",
"JOURNAL OF OCCUPATIONAL HEALTH","J OCCUP HEALTH","1341-9145","1348-9585","PUBLIC, ENVIRONMENTAL & OCCUPATIONAL HEALTH - SCIE","3","0.65","2.9"," 114/207 "," 203/399 ",
"EVALUATION & THE HEALTH PROFESSIONS","EVAL HEALTH PROF","0163-2787","1552-3918","HEALTH CARE SCIENCES & SERVICES - SCIE","2.9","0.89","2.8"," 55/105 "," 57/166 ",
"Health Promotion and Chronic Disease Prevention in Canada-Research Policy and Practice","HEALTH PROMOT CHRON","2368-738X","2368-738X","PUBLIC, ENVIRONMENTAL & OCCUPATIONAL HEALTH - SCIE","2.9","0.75","3.6"," 118/207 "," 163/399 ",
"Annals of Global Health","ANN GLOB HEALTH","2214-9996","2214-9996","PUBLIC, ENVIRONMENTAL & OCCUPATIONAL HEALTH - SCIE","2.9","0.66","3.5"," 118/207 "," 198/399 ",
"JOURNAL OF MEDICAL SCREENING","J MED SCREEN","0969-1413","1475-5793","PUBLIC, ENVIRONMENTAL & OCCUPATIONAL HEALTH - SCIE","2.9","0.53","2.3"," 118/207 "," 244/399 ",
"PAEDIATRIC AND PERINATAL EPIDEMIOLOGY","PAEDIATR PERINAT EP","0269-5022","1365-3016","PUBLIC, ENVIRONMENTAL & OCCUPATIONAL HEALTH - SCIE","2.8","1.03","3.3"," 121/207 "," 91/399 ",
"Healthcare","HEALTHCARE-BASEL","N/A","2227-9032","HEALTH CARE SCIENCES & SERVICES - SCIE","2.8","0.97","3"," 56/105 "," 48/166 ",
"BMC HEALTH SERVICES RESEARCH","BMC HEALTH SERV RES","N/A","1472-6963","HEALTH CARE SCIENCES & SERVICES - SCIE","2.8","0.85","3.5"," 56/105 "," 64/166 ",
"Preventive Medicine Reports","PREV MED REP","N/A","2211-3355","PUBLIC, ENVIRONMENTAL & OCCUPATIONAL HEALTH - SCIE","2.8","0.74","N/A"," 121/207 "," 167/399 ",
"JOURNAL OF PALLIATIVE MEDICINE","J PALLIAT MED","1096-6218","1557-7740","HEALTH CARE SCIENCES & SERVICES - SCIE","2.8","0.71","3"," 56/105 "," 77/166 ",
"Therapeutics and Clinical Risk Management","THER CLIN RISK MANAG","N/A","1178-203X","HEALTH CARE SCIENCES & SERVICES - SCIE","2.8","0.65","2.4"," 56/105 "," 86/166 ",
"Cadernos de Saude Publica","CAD SAUDE PUBLICA","0102-311X","1678-4464","PUBLIC, ENVIRONMENTAL & OCCUPATIONAL HEALTH - SCIE","2.8","0.62","2.5"," 121/207 "," 217/399 ",
"REVISTA DE SAUDE PUBLICA","REV SAUDE PUBL","0034-8910","1518-8787","PUBLIC, ENVIRONMENTAL & OCCUPATIONAL HEALTH - SCIE","2.8","0.6","3.1"," 121/207 "," 227/399 ",
"HEALTH PROMOTION INTERNATIONAL","HEALTH PROMOT INT","0957-4824","1460-2245","PUBLIC, ENVIRONMENTAL & OCCUPATIONAL HEALTH - SCIE","2.7","0.87","3"," 125/207 "," 126/399 ",
"Disaster Medicine and Public Health Preparedness","DISASTER MED PUBLIC","1935-7893","1938-744X","PUBLIC, ENVIRONMENTAL & OCCUPATIONAL HEALTH - SCIE","2.7","0.73","2.3"," 125/207 "," 171/399 ",
"BMJ Supportive & Palliative Care","BMJ SUPPORT PALLIAT","2045-435X","2045-4368","HEALTH CARE SCIENCES & SERVICES - SCIE","2.7","0.71","2.9"," 60/105 "," 77/166 ",
"Journal of Interprofessional Care","J INTERPROF CARE","1356-1820","1469-9567","HEALTH CARE SCIENCES & SERVICES - SCIE","2.7","0.63","2.8"," 60/105 "," 90/166 ",
"Medicina del Lavoro","MED LAV","0025-7818","0025-7818","PUBLIC, ENVIRONMENTAL & OCCUPATIONAL HEALTH - SCIE","2.7","0.63","1.8"," 125/207 "," 210/399 ",
"INTERNATIONAL JOURNAL FOR QUALITY IN HEALTH CARE","INT J QUAL HEALTH C","1353-4505","1464-3677","HEALTH CARE SCIENCES & SERVICES - SCIE","2.6","0.73","2.6"," 62/105 "," 74/166 ",
"Cancer Epidemiology","CANCER EPIDEMIOL","1877-7821","1877-783X","PUBLIC, ENVIRONMENTAL & OCCUPATIONAL HEALTH - SCIE","2.6","0.69","2.9"," 128/207 "," 184/399 ",
"Global Health Action","GLOBAL HEALTH ACTION","N/A","1654-9880","PUBLIC, ENVIRONMENTAL & OCCUPATIONAL HEALTH - SCIE","2.6","0.69","3.2"," 128/207 "," 184/399 ",
"JOURNAL OF TOXICOLOGY AND ENVIRONMENTAL HEALTH-PART A-CURRENT ISSUES","J TOXICOL ENV HEAL A","1528-7394","1087-2620","PUBLIC, ENVIRONMENTAL & OCCUPATIONAL HEALTH - SCIE","2.6","0.68","2.4"," 128/207 "," 188/399 ",
"PHARMACOEPIDEMIOLOGY AND DRUG SAFETY","PHARMACOEPIDEM DR S","1053-8569","1099-1557","PUBLIC, ENVIRONMENTAL & OCCUPATIONAL HEALTH - SCIE","2.6","0.62","3"," 128/207 "," 217/399 ",
"Annals of Work Exposures and Health","ANN WORK EXPOS HEAL","2398-7308","2398-7316","PUBLIC, ENVIRONMENTAL & OCCUPATIONAL HEALTH - SCIE","2.6","0.59","2.5"," 128/207 "," 231/399 ",
"TEACHING AND LEARNING IN MEDICINE","TEACH LEARN MED","1040-1334","1532-8015","HEALTH CARE SCIENCES & SERVICES - SCIE","2.5","0.96","2.7"," 63/105 "," 50/166 ",
"MEDICAL CARE RESEARCH AND REVIEW","MED CARE RES REV","1077-5587","1552-6801","HEALTH CARE SCIENCES & SERVICES - SCIE","2.5","0.86","2.9"," 63/105 "," 63/166 ",
"Economics & Human Biology","ECON HUM BIOL","1570-677X","1873-6130","PUBLIC, ENVIRONMENTAL & OCCUPATIONAL HEALTH - SCIE","2.5","0.79","2.6"," 133/207 "," 152/399 ",
"International Health","INT HEALTH","1876-3413","1876-3405","PUBLIC, ENVIRONMENTAL & OCCUPATIONAL HEALTH - SCIE","2.5","0.66","2.7"," 133/207 "," 198/399 ",
"Population Health Management","POPUL HEALTH MANAG","1942-7891","1942-7905","HEALTH CARE SCIENCES & SERVICES - SCIE","2.5","0.65","2.6"," 63/105 "," 86/166 ",
"Asia-Pacific Journal of Public Health","ASIA-PAC J PUBLIC HE","1010-5395","1941-2479","PUBLIC, ENVIRONMENTAL & OCCUPATIONAL HEALTH - SCIE","2.5","0.48","2.3"," 133/207 "," 271/399 ",
"Prehospital Emergency Care","PREHOSP EMERG CARE","1090-3127","1545-0066","PUBLIC, ENVIRONMENTAL & OCCUPATIONAL HEALTH - SCIE","2.4","0.88","2.7"," 136/207 "," 124/399 ",
"JOURNAL OF MEDICAL ECONOMICS","J MED ECON","1369-6998","1941-837X","HEALTH CARE SCIENCES & SERVICES - SCIE","2.4","0.87","2.3"," 66/105 "," 61/166 ",
"International Journal of Integrated Care","INT J INTEGR CARE","1568-4156","1568-4156","HEALTH CARE SCIENCES & SERVICES - SCIE","2.4","0.68","3.6"," 66/105 "," 83/166 ",
"Simulation in Healthcare-Journal of the Society for Simulation in Healthcare","SIMUL HEALTHC","1559-2332","1559-713X","HEALTH CARE SCIENCES & SERVICES - SCIE","2.4","0.65","2.5"," 66/105 "," 86/166 ",
"Informatics for Health & Social Care","INFORM HEALTH SOC CA","1753-8157","1753-8165","HEALTH CARE SCIENCES & SERVICES - SCIE","2.4","0.59","2.9"," 66/105 "," 94/166 ",
"JOURNAL OF EVALUATION IN CLINICAL PRACTICE","J EVAL CLIN PRACT","1356-1294","1365-2753","HEALTH CARE SCIENCES & SERVICES - SCIE","2.4","0.58","2.5"," 66/105 "," 98/166 ",
"Journal of Agromedicine","J AGROMEDICINE","1059-924X","1545-0813","PUBLIC, ENVIRONMENTAL & OCCUPATIONAL HEALTH - SCIE","2.4","0.53","2.4"," 136/207 "," 244/399 ",
"JBI Evidence Implementation","JBI EVID IMPLEMENT","2691-3321","2691-3321","HEALTH CARE SCIENCES & SERVICES - SCIE","2.3","0.78","N/A"," 71/105 "," 66/166 ",
"STATISTICAL METHODS IN MEDICAL RESEARCH","STAT METHODS MED RES","0962-2802","1477-0334","HEALTH CARE SCIENCES & SERVICES - SCIE","2.3","0.74","3.2"," 71/105 "," 72/166 ",
"COMMUNITY DENTISTRY AND ORAL EPIDEMIOLOGY","COMMUNITY DENT ORAL","0301-5661","1600-0528","PUBLIC, ENVIRONMENTAL & OCCUPATIONAL HEALTH - SCIE","2.3","0.71","2.6"," 138/207 "," 177/399 ",
"JOURNAL OF PUBLIC HEALTH DENTISTRY","J PUBLIC HEALTH DENT","0022-4006","1752-7325","PUBLIC, ENVIRONMENTAL & OCCUPATIONAL HEALTH - SCIE","2.3","0.63","N/A"," 138/207 "," 210/399 ",
"CANCER CAUSES & CONTROL","CANCER CAUSE CONTROL","0957-5243","1573-7225","PUBLIC, ENVIRONMENTAL & OCCUPATIONAL HEALTH - SCIE","2.3","0.55","2.8"," 138/207 "," 237/399 ",
"Expert Review of Pharmacoeconomics & Outcomes Research","EXPERT REV PHARM OUT","1473-7167","1744-8379","HEALTH CARE SCIENCES & SERVICES - SCIE","2.3","0.54","2.4"," 71/105 "," 106/166 ",
"Journal of Patient Safety","J PATIENT SAF","1549-8417","1549-8425","HEALTH CARE SCIENCES & SERVICES - SCIE","2.2","1.06","2.2"," 74/105 "," 39/166 ",
"JOURNAL OF SCHOOL HEALTH","J SCHOOL HEALTH","0022-4391","1746-1561","HEALTH CARE SCIENCES & SERVICES - SCIE","2.2","0.87","2.5"," 74/105 "," 61/166 ",
"JOURNAL OF SCHOOL HEALTH","J SCHOOL HEALTH","0022-4391","1746-1561","PUBLIC, ENVIRONMENTAL & OCCUPATIONAL HEALTH - SCIE","2.2","0.87","2.5"," 141/207 "," 126/399 ",
"HEALTH PHYSICS","HEALTH PHYS","0017-9078","1538-5159","PUBLIC, ENVIRONMENTAL & OCCUPATIONAL HEALTH - SCIE","2.2","0.68","1.5"," 141/207 "," 188/399 ",
"TRANSACTIONS OF THE ROYAL SOCIETY OF TROPICAL MEDICINE AND HYGIENE","T ROY SOC TROP MED H","0035-9203","1878-3503","PUBLIC, ENVIRONMENTAL & OCCUPATIONAL HEALTH - SCIE","2.2","0.66","2.1"," 141/207 "," 198/399 ",
"Journal of Tropical Medicine","J TROP MED-US","1687-9686","1687-9694","PUBLIC, ENVIRONMENTAL & OCCUPATIONAL HEALTH - SCIE","2.2","0.61","2.6"," 141/207 "," 222/399 ",
"Injury Epidemiology","INJURY EPIDEMIOL","N/A","2197-1714","PUBLIC, ENVIRONMENTAL & OCCUPATIONAL HEALTH - SCIE","2.2","0.54","N/A"," 141/207 "," 240/399 ",
"SCANDINAVIAN JOURNAL OF PRIMARY HEALTH CARE","SCAND J PRIM HEALTH","0281-3432","1502-7724","HEALTH CARE SCIENCES & SERVICES - SCIE","2.1","0.88","2.5"," 76/105 "," 59/166 ",
"Public Health Ethics","PUBLIC HEALTH ETH-UK","1754-9973","1754-9981","PUBLIC, ENVIRONMENTAL & OCCUPATIONAL HEALTH - SCIE","2.1","0.78","1.9"," 146/207 "," 154/399 ",
"EUROPEAN JOURNAL OF CANCER CARE","EUR J CANCER CARE","0961-5423","1365-2354","HEALTH CARE SCIENCES & SERVICES - SCIE","2.1","0.76","2.8"," 76/105 "," 68/166 ",
"HEALTH ECONOMICS","HEALTH ECON","1057-9230","1099-1050","HEALTH CARE SCIENCES & SERVICES - SCIE","2.1","0.74","2.9"," 76/105 "," 72/166 ",
"PUBLIC HEALTH NURSING","PUBLIC HEALTH NURS","0737-1209","1525-1446","PUBLIC, ENVIRONMENTAL & OCCUPATIONAL HEALTH - SCIE","2.1","0.67","2"," 146/207 "," 193/399 ",
"Journal of Managed Care & Specialty Pharmacy","J MANAG CARE SPEC PH","2376-0540","2376-1032","HEALTH CARE SCIENCES & SERVICES - SCIE","2.1","0.64","2.6"," 76/105 "," 89/166 ",
"Journal of Comparative Effectiveness Research","J COMP EFFECT RES","2042-6305","2042-6313","HEALTH CARE SCIENCES & SERVICES - SCIE","2.1","0.6","1.9"," 76/105 "," 93/166 ",
"HIGH ALTITUDE MEDICINE & BIOLOGY","HIGH ALT MED BIOL","1527-0297","1557-8682","PUBLIC, ENVIRONMENTAL & OCCUPATIONAL HEALTH - SCIE","2.1","0.53","2.3"," 146/207 "," 244/399 ",
"VECTOR-BORNE AND ZOONOTIC DISEASES","VECTOR-BORNE ZOONOT","1530-3667","1557-7759","PUBLIC, ENVIRONMENTAL & OCCUPATIONAL HEALTH - SCIE","2.1","0.53","2.1"," 146/207 "," 244/399 ",
"ANNALI DELL ISTITUTO SUPERIORE DI SANITA","ANN I SUPER SANITA","0021-2571","2384-8553","PUBLIC, ENVIRONMENTAL & OCCUPATIONAL HEALTH - SCIE","2.1","0.49","2"," 146/207 "," 265/399 ",
"EASTERN MEDITERRANEAN HEALTH JOURNAL","E MEDITERR HEALTH J","1020-3397","1687-1634","HEALTH CARE SCIENCES & SERVICES - SCIE","2.1","0.46","2"," 76/105 "," 120/166 ",
"EASTERN MEDITERRANEAN HEALTH JOURNAL","E MEDITERR HEALTH J","1020-3397","1687-1634","PUBLIC, ENVIRONMENTAL & OCCUPATIONAL HEALTH - SCIE","2.1","0.46","2"," 146/207 "," 279/399 ",
"Rural and Remote Health","RURAL REMOTE HEALTH","1445-6354","N/A","PUBLIC, ENVIRONMENTAL & OCCUPATIONAL HEALTH - SCIE","2.1","0.4","2.3"," 146/207 "," 300/399 ",
"Current Opinion in Supportive and Palliative Care","CURR OPIN SUPPORT PA","1751-4258","1751-4266","HEALTH CARE SCIENCES & SERVICES - SCIE","2.1","0.39","2.5"," 76/105 "," 133/166 ",
"Arhiv za Higijenu Rada i Toksikologiju-Archives of Industrial Hygiene and Toxicology","ARH HIG RADA TOKSIKO","0004-1254","1848-6312","PUBLIC, ENVIRONMENTAL & OCCUPATIONAL HEALTH - SCIE","2.1","0.37","2.6"," 146/207 "," 308/399 ",
"MEDICC Review","MEDICC REV","1555-7960","N/A","PUBLIC, ENVIRONMENTAL & OCCUPATIONAL HEALTH - SCIE","2.1","0.3","1.4"," 146/207 "," 331/399 ",
"Transgender Health","TRANSGENDER HEALTH","2688-4887","2380-193X","PUBLIC, ENVIRONMENTAL & OCCUPATIONAL HEALTH - SCIE","2","0.75","N/A"," 155/207 "," 163/399 ",
"STATISTICS IN MEDICINE","STAT MED","0277-6715","1097-0258","PUBLIC, ENVIRONMENTAL & OCCUPATIONAL HEALTH - SCIE","2","0.64","2.7"," 155/207 "," 206/399 ",
"JOURNAL OF OCCUPATIONAL AND ENVIRONMENTAL HYGIENE","J OCCUP ENVIRON HYG","1545-9624","1545-9632","PUBLIC, ENVIRONMENTAL & OCCUPATIONAL HEALTH - SCIE","2","0.55","2.5"," 155/207 "," 237/399 ",
"International Journal of Occupational Medicine and Environmental Health","INT J OCCUP MED ENV","1232-1087","1896-494X","PUBLIC, ENVIRONMENTAL & OCCUPATIONAL HEALTH - SCIE","2","0.53","2.1"," 155/207 "," 244/399 ",
"Traffic Injury Prevention","TRAFFIC INJ PREV","1538-9588","1538-957X","PUBLIC, ENVIRONMENTAL & OCCUPATIONAL HEALTH - SCIE","2","0.49","2.2"," 155/207 "," 265/399 ",
"JOURNAL OF ENVIRONMENTAL SCIENCE AND HEALTH PART B-PESTICIDES FOOD CONTAMINANTS AND AGRICULTURAL WASTES","J ENVIRON SCI HEAL B","0360-1234","1532-4109","PUBLIC, ENVIRONMENTAL & OCCUPATIONAL HEALTH - SCIE","2","0.45","2.2"," 155/207 "," 284/399 ",
"INDUSTRIAL HEALTH","IND HEALTH","0019-8366","1880-8026","PUBLIC, ENVIRONMENTAL & OCCUPATIONAL HEALTH - SCIE","2","0.44","2.6"," 155/207 "," 289/399 ",
"Gaceta Sanitaria","GAC SANIT","0213-9111","1578-1283","HEALTH CARE SCIENCES & SERVICES - SCIE","1.9","0.62","2"," 83/105 "," 92/166 ",
"Gaceta Sanitaria","GAC SANIT","0213-9111","1578-1283","PUBLIC, ENVIRONMENTAL & OCCUPATIONAL HEALTH - SCIE","1.9","0.62","2"," 162/207 "," 217/399 ",
"American Journal of Hospice & Palliative Medicine","AM J HOSP PALLIAT ME","1049-9091","1938-2715","HEALTH CARE SCIENCES & SERVICES - SCIE","1.9","0.57","2.2"," 83/105 "," 101/166 ",
"JOURNAL OF BEHAVIORAL HEALTH SERVICES & RESEARCH","J BEHAV HEALTH SER R","1094-3412","1556-3308","HEALTH CARE SCIENCES & SERVICES - SCIE","1.9","0.54","2.1"," 83/105 "," 106/166 ",
"JOURNAL OF BEHAVIORAL HEALTH SERVICES & RESEARCH","J BEHAV HEALTH SER R","1094-3412","1556-3308","PUBLIC, ENVIRONMENTAL & OCCUPATIONAL HEALTH - SCIE","1.9","0.54","2.1"," 162/207 "," 240/399 ",
"JOURNAL OF HEALTH POPULATION AND NUTRITION","J HEALTH POPUL NUTR","1606-0997","2072-1315","PUBLIC, ENVIRONMENTAL & OCCUPATIONAL HEALTH - SCIE","1.9","0.48","3.2"," 162/207 "," 271/399 ",
"TOXICOLOGY AND INDUSTRIAL HEALTH","TOXICOL IND HEALTH","0748-2337","1477-0393","PUBLIC, ENVIRONMENTAL & OCCUPATIONAL HEALTH - SCIE","1.9","0.43","2.3"," 162/207 "," 293/399 ",
"JOURNAL OF CONTINUING EDUCATION IN THE HEALTH PROFESSIONS","J CONTIN EDUC HEALTH","0894-1912","1554-558X","HEALTH CARE SCIENCES & SERVICES - SCIE","1.8","0.71","2.1"," 86/105 "," 77/166 ",
"Australian Journal of Rural Health","AUST J RURAL HEALTH","1038-5282","1440-1584","PUBLIC, ENVIRONMENTAL & OCCUPATIONAL HEALTH - SCIE","1.8","0.63","1.8"," 166/207 "," 210/399 ",
"CAMBRIDGE QUARTERLY OF HEALTHCARE ETHICS","CAMB Q HEALTHC ETHIC","0963-1801","1469-2147","HEALTH CARE SCIENCES & SERVICES - SCIE","1.8","0.63","1.5"," 86/105 "," 90/166 ",
"Australian Health Review","AUST HEALTH REV","0156-5788","1449-8944","HEALTH CARE SCIENCES & SERVICES - SCIE","1.8","0.59","2"," 86/105 "," 94/166 ",
"Archives of Environmental & Occupational Health","ARCH ENVIRON OCCUP H","1933-8244","2154-4700","PUBLIC, ENVIRONMENTAL & OCCUPATIONAL HEALTH - SCIE","1.8","0.38","1.8"," 166/207 "," 305/399 ",
"Journal of Developmental Origins of Health and Disease","J DEV ORIG HLTH DIS","2040-1744","2040-1752","PUBLIC, ENVIRONMENTAL & OCCUPATIONAL HEALTH - SCIE","1.7","0.62","2.3"," 168/207 "," 217/399 ",
"ANNALS OF HUMAN BIOLOGY","ANN HUM BIOL","0301-4460","1464-5033","PUBLIC, ENVIRONMENTAL & OCCUPATIONAL HEALTH - SCIE","1.7","0.6","1.6"," 168/207 "," 227/399 ",
"INQUIRY-THE JOURNAL OF HEALTH CARE ORGANIZATION PROVISION AND FINANCING","INQUIRY-J HEALTH CAR","0046-9580","1945-7243","HEALTH CARE SCIENCES & SERVICES - SCIE","1.7","0.52","2.1"," 89/105 "," 110/166 ",
"Public Health Genomics","PUBLIC HEALTH GENOM","1662-4246","1662-8063","PUBLIC, ENVIRONMENTAL & OCCUPATIONAL HEALTH - SCIE","1.7","0.49","2.3"," 168/207 "," 265/399 ",
"EUROPEAN JOURNAL OF CONTRACEPTION AND REPRODUCTIVE HEALTH CARE","EUR J CONTRACEP REPR","1362-5187","1473-0782","PUBLIC, ENVIRONMENTAL & OCCUPATIONAL HEALTH - SCIE","1.7","0.47","1.8"," 168/207 "," 274/399 ",
"Bundesgesundheitsblatt-Gesundheitsforschung-Gesundheitsschutz","BUNDESGESUNDHEITSBLA","1436-9990","1437-1588","PUBLIC, ENVIRONMENTAL & OCCUPATIONAL HEALTH - SCIE","1.7","0.45","1.5"," 168/207 "," 284/399 ",
"JOURNAL OF PALLIATIVE CARE","J PALLIAT CARE","0825-8597","2369-5293","HEALTH CARE SCIENCES & SERVICES - SCIE","1.7","0.44","1.9"," 89/105 "," 122/166 ",
"Geospatial Health","GEOSPATIAL HEALTH","1827-1987","1970-7096","HEALTH CARE SCIENCES & SERVICES - SCIE","1.7","0.43","1.5"," 89/105 "," 126/166 ",
"Geospatial Health","GEOSPATIAL HEALTH","1827-1987","1970-7096","PUBLIC, ENVIRONMENTAL & OCCUPATIONAL HEALTH - SCIE","1.7","0.43","1.5"," 168/207 "," 293/399 ",
"METHODS OF INFORMATION IN MEDICINE","METHOD INFORM MED","0026-1270","2511-705X","HEALTH CARE SCIENCES & SERVICES - SCIE","1.7","0.4","2.5"," 89/105 "," 131/166 ",
"Indian Journal of Public Health","INDIAN J PUBLIC HLTH","0019-557X","2229-7693","PUBLIC, ENVIRONMENTAL & OCCUPATIONAL HEALTH - SCIE","1.7","0.35","N/A"," 168/207 "," 315/399 ",
"ANNALS OF AGRICULTURAL AND ENVIRONMENTAL MEDICINE","ANN AGR ENV MED","1232-1966","1898-2263","PUBLIC, ENVIRONMENTAL & OCCUPATIONAL HEALTH - SCIE","1.7","0.34","1.9"," 168/207 "," 317/399 ",
"JOURNAL OF CANCER EDUCATION","J CANCER EDUC","0885-8195","1543-0154","PUBLIC, ENVIRONMENTAL & OCCUPATIONAL HEALTH - SCIE","1.6","0.58","1.9"," 176/207 "," 232/399 ",
"Sexual Health","SEX HEALTH","1448-5028","1449-8987","PUBLIC, ENVIRONMENTAL & OCCUPATIONAL HEALTH - SCIE","1.6","0.4","2.3"," 176/207 "," 300/399 ",
"TECHNOLOGY AND HEALTH CARE","TECHNOL HEALTH CARE","0928-7329","1878-7401","HEALTH CARE SCIENCES & SERVICES - SCIE","1.6","0.38","1.5"," 93/105 "," 136/166 ",
"JOURNAL OF RADIOLOGICAL PROTECTION","J RADIOL PROT","0952-4746","1361-6498","PUBLIC, ENVIRONMENTAL & OCCUPATIONAL HEALTH - SCIE","1.5","0.45","1.5"," 178/207 "," 284/399 ",
"American Health and Drug Benefits","AM HEALTH DRUG BENEF","1942-2962","1942-2970","HEALTH CARE SCIENCES & SERVICES - SCIE","1.4","0.77","2.9"," 94/105 "," 67/166 ",
"MEDICAL HISTORY","MED HIST","0025-7273","2048-8343","HEALTH CARE SCIENCES & SERVICES - SCIE","1.4","0.58","1.2"," 94/105 "," 98/166 ",
"WILDERNESS & ENVIRONMENTAL MEDICINE","WILD ENVIRON MED","1080-6032","1545-1534","PUBLIC, ENVIRONMENTAL & OCCUPATIONAL HEALTH - SCIE","1.4","0.46","1.8"," 179/207 "," 279/399 ",
"AMERICAN JOURNAL OF MEDICAL QUALITY","AM J MED QUAL","1062-8606","1555-824X","HEALTH CARE SCIENCES & SERVICES - SCIE","1.4","0.39","1.9"," 94/105 "," 133/166 ",
"Epidemiologia & Prevenzione","EPIDEMIOL PREV","1120-9763","2385-1937","PUBLIC, ENVIRONMENTAL & OCCUPATIONAL HEALTH - SCIE","1.4","0.28","1.3"," 179/207 "," 338/399 ",
"Iranian Journal of Public Health","IRAN J PUBLIC HEALTH","2251-6085","2251-6093","PUBLIC, ENVIRONMENTAL & OCCUPATIONAL HEALTH - SCIE","1.4","0.28","1.7"," 179/207 "," 338/399 ",
"Australian Journal of Primary Health","AUST J PRIM HEALTH","1448-7527","1836-7399","HEALTH CARE SCIENCES & SERVICES - SCIE","1.3","0.52","1.6"," 97/105 "," 110/166 ",
"Australian Journal of Primary Health","AUST J PRIM HEALTH","1448-7527","1836-7399","PUBLIC, ENVIRONMENTAL & OCCUPATIONAL HEALTH - SCIE","1.3","0.52","1.6"," 182/207 "," 251/399 ",
"Journal for Healthcare Quality","J HEALTHC QUAL","1062-2551","1945-1474","HEALTH CARE SCIENCES & SERVICES - SCIE","1.3","0.44","1.3"," 97/105 "," 122/166 ",
"JOURNAL OF MANIPULATIVE AND PHYSIOLOGICAL THERAPEUTICS","J MANIP PHYSIOL THER","0161-4754","N/A","HEALTH CARE SCIENCES & SERVICES - SCIE","1.3","0.44","1.8"," 97/105 "," 122/166 ",
"Chronic Illness","CHRONIC ILLN","1742-3953","1745-9206","HEALTH CARE SCIENCES & SERVICES - SCIE","1.3","0.42","1.6"," 97/105 "," 128/166 ",
"Chronic Illness","CHRONIC ILLN","1742-3953","1745-9206","PUBLIC, ENVIRONMENTAL & OCCUPATIONAL HEALTH - SCIE","1.3","0.42","1.6"," 182/207 "," 295/399 ",
"Families Systems & Health","FAM SYST HEALTH","1091-7527","1939-0602","HEALTH CARE SCIENCES & SERVICES - SCIE","1.3","0.42","1.9"," 97/105 "," 128/166 ",
"Families Systems & Health","FAM SYST HEALTH","1091-7527","1939-0602","PUBLIC, ENVIRONMENTAL & OCCUPATIONAL HEALTH - SCIE","1.3","0.42","1.9"," 182/207 "," 295/399 ",
"International Journal of Circumpolar Health","INT J CIRCUMPOL HEAL","1239-9736","2242-3982","PUBLIC, ENVIRONMENTAL & OCCUPATIONAL HEALTH - SCIE","1.3","0.4","1.6"," 182/207 "," 300/399 ",
"Journal of the American Association of Nurse Practitioners","J AM ASSOC NURSE PRA","2327-6886","2327-6924","HEALTH CARE SCIENCES & SERVICES - SCIE","1.2","0.58","1.8"," 102/105 "," 98/166 ",
"Quality Management in Health Care","QUAL MANAG HEALTH CA","1063-8628","1550-5154","HEALTH CARE SCIENCES & SERVICES - SCIE","1.2","0.36","1.3"," 102/105 "," 138/166 ",
"AJAR-African Journal of AIDS Research","AJAR-AFR J AIDS RES","1608-5906","1727-9445","PUBLIC, ENVIRONMENTAL & OCCUPATIONAL HEALTH - SCIE","1.2","0.34","1.4"," 186/207 "," 317/399 ",
"Central European Journal of Public Health","CENT EUR J PUBL HEAL","1210-7778","1803-1048","PUBLIC, ENVIRONMENTAL & OCCUPATIONAL HEALTH - SCIE","1.2","0.33","1.3"," 186/207 "," 322/399 ",
"RADIOPROTECTION","RADIOPROTECTION","0033-8451","1769-700X","PUBLIC, ENVIRONMENTAL & OCCUPATIONAL HEALTH - SCIE","1.1","0.51","1"," 188/207 "," 256/399 ",
"BULLETIN OF THE HISTORY OF MEDICINE","B HIST MED","0007-5140","1086-3176","HEALTH CARE SCIENCES & SERVICES - SCIE","1","0.48","1.2"," 104/105 "," 119/166 ",
"RADIATION PROTECTION DOSIMETRY","RADIAT PROT DOSIM","0144-8420","1742-3406","PUBLIC, ENVIRONMENTAL & OCCUPATIONAL HEALTH - SCIE","1","0.3","1"," 189/207 "," 331/399 ",
"MEDYCYNA PRACY","MED PR","0465-5893","2353-1339","PUBLIC, ENVIRONMENTAL & OCCUPATIONAL HEALTH - SCIE","1","0.26","0.9"," 189/207 "," 343/399 ",
"Anales del Sistema Sanitario De Navarra","AN SIST SANIT NAVAR","1137-6627","2340-3527","PUBLIC, ENVIRONMENTAL & OCCUPATIONAL HEALTH - SCIE","1","0.19","0.8"," 189/207 "," 360/399 ",
"Diving and Hyperbaric Medicine","DIVING HYPERB MED","1833-3516","1833-3516","PUBLIC, ENVIRONMENTAL & OCCUPATIONAL HEALTH - SCIE","0.9","0.26","1.1"," 192/207 "," 343/399 ",
"Journal of Arthropod-Borne Diseases","J ARTHROPOD-BORNE DI","2322-1984","2322-2271","PUBLIC, ENVIRONMENTAL & OCCUPATIONAL HEALTH - SCIE","0.9","0.24","1.3"," 192/207 "," 348/399 ",
"Aerospace Medicine and Human Performance","AEROSP MED HUM PERF","2375-6314","2375-6322","PUBLIC, ENVIRONMENTAL & OCCUPATIONAL HEALTH - SCIE","0.9","0.23","1.1"," 192/207 "," 350/399 ",
"FLUORIDE","FLUORIDE","0015-4725","2253-4083","PUBLIC, ENVIRONMENTAL & OCCUPATIONAL HEALTH - SCIE","0.9","0.21","0.9"," 192/207 "," 354/399 ",
"REVUE D EPIDEMIOLOGIE ET DE SANTE PUBLIQUE","REV EPIDEMIOL SANTE","0398-7620","1773-0627","PUBLIC, ENVIRONMENTAL & OCCUPATIONAL HEALTH - SCIE","0.9","0.2","1.4"," 192/207 "," 356/399 ",
"Malawi Medical Journal","MALAWI MED J","1995-7262","1995-7270","PUBLIC, ENVIRONMENTAL & OCCUPATIONAL HEALTH - SCIE","0.8","0.28","1.5"," 197/207 "," 338/399 ",
"JOURNAL OF ENVIRONMENTAL HEALTH","J ENVIRON HEALTH","0022-0892","0022-0892","PUBLIC, ENVIRONMENTAL & OCCUPATIONAL HEALTH - SCIE","0.8","0.12","1.4"," 197/207 "," 374/399 ",
"Noise & Health","NOISE HEALTH","1463-1741","1998-4030","PUBLIC, ENVIRONMENTAL & OCCUPATIONAL HEALTH - SCIE","0.7","0.31","1.9"," 199/207 "," 328/399 ",
"Journal of Mens Health","J MENS HEALTH","1875-6867","1875-6859","PUBLIC, ENVIRONMENTAL & OCCUPATIONAL HEALTH - SCIE","0.7","0.16","0.6"," 199/207 "," 365/399 ",
"TROPICAL DOCTOR","TROP DOCT","0049-4755","1758-1133","PUBLIC, ENVIRONMENTAL & OCCUPATIONAL HEALTH - SCIE","0.6","0.18","0.7"," 201/207 "," 361/399 ",
"Ethiopian Journal of Health Development","ETHIOP J HEALTH DEV","1021-6790","1021-6790","PUBLIC, ENVIRONMENTAL & OCCUPATIONAL HEALTH - SCIE","0.6","0.11","1.1"," 201/207 "," 378/399 ",
"JOURNAL OF THE HISTORY OF MEDICINE AND ALLIED SCIENCES","J HIST MED ALL SCI","0022-5045","1468-4373","HEALTH CARE SCIENCES & SERVICES - SCIE","0.5","0.38","0.8"," 105/105 "," 136/166 ",
"Puerto Rico Health Sciences Journal","P R HEALTH SCI J","0738-0658","2373-6011","PUBLIC, ENVIRONMENTAL & OCCUPATIONAL HEALTH - SCIE","0.5","0.15","0.7"," 203/207 "," 367/399 ",
"Journal of Nepal Medical Association","J NEPAL MED ASSOC","0028-2715","1815-672X","PUBLIC, ENVIRONMENTAL & OCCUPATIONAL HEALTH - SCIE","0.5","0.13","0.6"," 203/207 "," 371/399 ",
"Archives des Maladies Professionnelles et de l Environnement","ARCH MAL PROF ENVIRO","1775-8785","1778-4190","PUBLIC, ENVIRONMENTAL & OCCUPATIONAL HEALTH - SCIE","0.4","0.05","0.3"," 205/207 "," 392/399 ",
"Sante Publique","SANTE PUBLIQUE","0995-3914","2104-3841","PUBLIC, ENVIRONMENTAL & OCCUPATIONAL HEALTH - SCIE","0.3","0.06","0.4"," 206/207 "," 386/399 ",
"SOUTHEAST ASIAN JOURNAL OF TROPICAL MEDICINE AND PUBLIC HEALTH","SE ASIAN J TROP MED","0125-1562","0125-1562","PUBLIC, ENVIRONMENTAL & OCCUPATIONAL HEALTH - SCIE","0.2","0.05","0.3"," 207/207 "," 392/399 ",

Copyright (c) 2023 Clarivate 
By exporting the selected data; you agree to the data usage policy set forth in the Terms of Use 
