Journal name,JCR Abbreviation,ISSN,eISSN,Category,Total Citations,2021 JIF,JIF Quartile,2021 JCI,% of OA Gold
"AMERICAN STATISTICIAN","AM STAT","0003-1305","1537-2731","STATISTICS & PROBABILITY - SCIE","9,788","8.325","Q1","2.23","25.24"%,
"Annual Review of Statistics and Its Application","ANNU REV STAT APPL","2326-8298","2326-831X","STATISTICS & PROBABILITY - SCIE","1,121","7.917","Q1","2.66","1.72"%,
"Journal of Statistical Software","J STAT SOFTW","1548-7660","1548-7660","STATISTICS & PROBABILITY - SCIE","44,604","6.992","Q1","1.95","96.24"%,
"ECONOMETRICA","ECONOMETRICA","0012-9682","1468-0262","STATISTICS & PROBABILITY - SCIE","47,762","6.383","Q1","2.25","0"%,
"JOURNAL OF BUSINESS & ECONOMIC STATISTICS","J BUS ECON STAT","0735-0015","1537-2707","STATISTICS & PROBABILITY - SCIE","8,785","5.309","Q1","1.75","9.37"%,
"BIOSTATISTICS","BIOSTATISTICS","1465-4644","1468-4357","STATISTICS & PROBABILITY - SCIE","5,158","5.279","Q1","1.81","13.68"%,
"JOURNAL OF THE ROYAL STATISTICAL SOCIETY SERIES B-STATISTICAL METHODOLOGY","J R STAT SOC B","1369-7412","1467-9868","STATISTICS & PROBABILITY - SCIE","34,404","4.933","Q1","2.1","18.57"%,
"ANNALS OF STATISTICS","ANN STAT","0090-5364","N/A","STATISTICS & PROBABILITY - SCIE","30,195","4.904","Q1","1.88","2.16"%,
"FUZZY SETS AND SYSTEMS","FUZZY SET SYST","0165-0114","1872-6801","STATISTICS & PROBABILITY - SCIE","19,849","4.462","Q1","1.86","1.55"%,
"Stata Journal","STATA J","1536-867X","1536-8734","STATISTICS & PROBABILITY - SCIE","8,007","4.45","Q1","1.51","15.89"%,
"JOURNAL OF THE AMERICAN STATISTICAL ASSOCIATION","J AM STAT ASSOC","0162-1459","1537-274X","STATISTICS & PROBABILITY - SCIE","50,865","4.369","Q1","1.84","6.77"%,
"CHEMOMETRICS AND INTELLIGENT LABORATORY SYSTEMS","CHEMOMETR INTELL LAB","0169-7439","1873-3239","STATISTICS & PROBABILITY - SCIE","12,344","4.175","Q1","1.11","6.94"%,
"STATISTICAL SCIENCE","STAT SCI","0883-4237","2168-8745","STATISTICS & PROBABILITY - SCIE","8,735","4.015","Q1","1.47","8.08"%,
"STOCHASTIC ENVIRONMENTAL RESEARCH AND RISK ASSESSMENT","STOCH ENV RES RISK A","1436-3240","1436-3259","STATISTICS & PROBABILITY - SCIE","5,920","3.821","Q1","0.89","11"%,
"IEEE-ACM Transactions on Computational Biology and Bioinformatics","IEEE ACM T COMPUT BI","1545-5963","1557-9964","STATISTICS & PROBABILITY - SCIE","5,332","3.702","Q1","1.21","3.74"%,
"Bayesian Analysis","BAYESIAN ANAL","1931-6690","1936-0975","STATISTICS & PROBABILITY - SCIE","2,898","3.396","Q1","1.14","100"%,
"Wiley Interdisciplinary Reviews-Computational Statistics","WIRES COMPUT STAT","1939-0068","1939-0068","STATISTICS & PROBABILITY - SCIE","3,181","3.282","Q1","0.76","15.38"%,
"MULTIVARIATE BEHAVIORAL RESEARCH","MULTIVAR BEHAV RES","0027-3171","1532-7906","STATISTICS & PROBABILITY - SCIE","10,618","3.085","Q1","1.33","11.95"%,
"Econometrics Journal","ECONOMET J","1368-4221","1368-423X","STATISTICS & PROBABILITY - SCIE","1,747","3.071","Q1","1.6","13.16"%,
"BIOMETRIKA","BIOMETRIKA","0006-3444","1464-3510","STATISTICS & PROBABILITY - SCIE","28,960","3.028","Q1","0.85","5.93"%,
"PROBABILISTIC ENGINEERING MECHANICS","PROBABILIST ENG MECH","0266-8920","1878-4275","STATISTICS & PROBABILITY - SCIE","3,458","2.954","Q1","0.96","3.1"%,
"Quality Technology and Quantitative Management","QUAL TECHNOL QUANT M","1684-3703","1811-4857","STATISTICS & PROBABILITY - SCIE","806","2.614","Q1","0.87","0"%,
"Astin Bulletin-The Journal of the International Actuarial Association","ASTIN BULL","0515-0361","1783-1350","STATISTICS & PROBABILITY - SCIE","1,404","2.545","Q1","0.75","13.76"%,
"OXFORD BULLETIN OF ECONOMICS AND STATISTICS","OXFORD B ECON STAT","0305-9049","1468-0084","STATISTICS & PROBABILITY - SCIE","4,905","2.518","Q1","0.78","20.79"%,
"JOURNAL OF CHEMOMETRICS","J CHEMOMETR","0886-9383","1099-128X","STATISTICS & PROBABILITY - SCIE","4,544","2.5","Q1","0.66","12.77"%,
"STATISTICS IN MEDICINE","STAT MED","0277-6715","1097-0258","STATISTICS & PROBABILITY - SCIE","34,646","2.497","Q1","0.64","17.19"%,
"STATISTICAL METHODS IN MEDICAL RESEARCH","STAT METHODS MED RES","0962-2802","1477-0334","STATISTICS & PROBABILITY - SCIE","7,405","2.494","Q1","0.9","15.53"%,
"Stat","STAT-US","2049-1573","2049-1573","STATISTICS & PROBABILITY - SCIE","882","2.451","Q1","0.4","10.77"%,
"Journal of Survey Statistics and Methodology","J SURV STAT METHODOL","2325-0984","2325-0992","STATISTICS & PROBABILITY - SCIE","495","2.446","Q1","1.03","13.87"%,
"BRITISH JOURNAL OF MATHEMATICAL & STATISTICAL PSYCHOLOGY","BRIT J MATH STAT PSY","0007-1102","2044-8317","STATISTICS & PROBABILITY - SCIE","2,787","2.41","Q1","0.97","11.43"%,
"ENVIRONMENTAL AND ECOLOGICAL STATISTICS","ENVIRON ECOL STAT","1352-8505","1573-3009","STATISTICS & PROBABILITY - SCIE","1,240","2.365","Q1","0.64","7.14"%,
"STATISTICS","STATISTICS-ABINGDON","0233-1888","1029-4910","STATISTICS & PROBABILITY - SCIE","1,939","2.346","Q2","0.41","1.06"%,
"TECHNOMETRICS","TECHNOMETRICS","0040-1706","1537-2723","STATISTICS & PROBABILITY - SCIE","11,582","2.333","Q2","1.08","4.23"%,
"STATISTICS AND COMPUTING","STAT COMPUT","0960-3174","1573-1375","STATISTICS & PROBABILITY - SCIE","6,862","2.324","Q2","0.93","36.43"%,
"ANNALS OF PROBABILITY","ANN PROBAB","0091-1798","N/A","STATISTICS & PROBABILITY - SCIE","6,976","2.288","Q2","1.06","1.11"%,
"Quality Engineering","QUAL ENG","0898-2112","1532-4222","STATISTICS & PROBABILITY - SCIE","1,340","2.286","Q2","0.64","4.27"%,
"JOURNAL OF AGRICULTURAL BIOLOGICAL AND ENVIRONMENTAL STATISTICS","J AGR BIOL ENVIR ST","1085-7117","1537-2693","STATISTICS & PROBABILITY - SCIE","1,531","2.267","Q2","0.61","26.32"%,
"JOURNAL OF QUALITY TECHNOLOGY","J QUAL TECHNOL","0022-4065","2575-6230","STATISTICS & PROBABILITY - SCIE","3,398","2.182","Q2","0.78","3.51"%,
"JOURNAL OF THE ROYAL STATISTICAL SOCIETY SERIES A-STATISTICS IN SOCIETY","J R STAT SOC A STAT","0964-1998","1467-985X","STATISTICS & PROBABILITY - SCIE","4,316","2.175","Q2","0.86","34.25"%,
"INSURANCE MATHEMATICS & ECONOMICS","INSUR MATH ECON","0167-6687","1873-5959","STATISTICS & PROBABILITY - SCIE","5,457","2.168","Q2","0.8","10"%,
"Spatial Statistics","SPAT STAT-NETH","2211-6753","N/A","STATISTICS & PROBABILITY - SCIE","1,158","2.125","Q2","0.67","8.2"%,
"FINANCE AND STOCHASTICS","FINANC STOCH","0949-2984","1432-1122","STATISTICS & PROBABILITY - SCIE","1,554","2.095","Q2","0.83","41.18"%,
"ANNALS OF APPLIED PROBABILITY","ANN APPL PROBAB","1050-5164","N/A","STATISTICS & PROBABILITY - SCIE","3,952","2.038","Q2","0.86","1.12"%,
"COMPUTATIONAL STATISTICS & DATA ANALYSIS","COMPUT STAT DATA AN","0167-9473","1872-7352","STATISTICS & PROBABILITY - SCIE","11,584","2.035","Q2","0.67","6.12"%,
"ECONOMETRIC THEORY","ECONOMET THEOR","0266-4666","1469-4360","STATISTICS & PROBABILITY - SCIE","3,913","1.968","Q2","0.71","14.71"%,
"Annals of Applied Statistics","ANN APPL STAT","1932-6157","1941-7330","STATISTICS & PROBABILITY - SCIE","4,931","1.959","Q2","0.82","6.21"%,
"INTERNATIONAL STATISTICAL REVIEW","INT STAT REV","0306-7734","1751-5823","STATISTICS & PROBABILITY - SCIE","2,735","1.946","Q2","0.92","16.95"%,
"PROBABILITY THEORY AND RELATED FIELDS","PROBAB THEORY REL","0178-8051","1432-2064","STATISTICS & PROBABILITY - SCIE","4,349","1.944","Q2","0.92","31.47"%,
"Advances in Data Analysis and Classification","ADV DATA ANAL CLASSI","1862-5347","1862-5355","STATISTICS & PROBABILITY - SCIE","821","1.944","Q2","0.85","29.61"%,
"JOURNAL OF COMPUTATIONAL AND GRAPHICAL STATISTICS","J COMPUT GRAPH STAT","1061-8600","1537-2715","STATISTICS & PROBABILITY - SCIE","6,292","1.884","Q2","0.9","9.22"%,
"International Journal of Biostatistics","INT J BIOSTAT","2194-573X","1557-4679","STATISTICS & PROBABILITY - SCIE","843","1.829","Q2","0.43","12.22"%,
"BERNOULLI","BERNOULLI","1350-7265","1573-9759","STATISTICS & PROBABILITY - SCIE","3,422","1.822","Q2","0.78","0"%,
"Scandinavian Actuarial Journal","SCAND ACTUAR J","0346-1238","1651-2030","STATISTICS & PROBABILITY - SCIE","1,226","1.782","Q2","0.69","13.25"%,
"SORT-Statistics and Operations Research Transactions","SORT-STAT OPER RES T","1696-2281","2013-8830","STATISTICS & PROBABILITY - SCIE","293","1.759","Q2","0.47","0"%,
"TEST","TEST-SPAIN","1133-0686","1863-8260","STATISTICS & PROBABILITY - SCIE","1,654","1.743","Q2","0.87","15.03"%,
"BIOMETRICAL JOURNAL","BIOMETRICAL J","0323-3847","1521-4036","STATISTICS & PROBABILITY - SCIE","4,635","1.715","Q2","0.58","20.99"%,
"BIOMETRICS","BIOMETRICS","0006-341X","1541-0420","STATISTICS & PROBABILITY - SCIE","28,574","1.701","Q2","0.6","8.43"%,
"JOURNAL OF THE ROYAL STATISTICAL SOCIETY SERIES C-APPLIED STATISTICS","J R STAT SOC C-APPL","0035-9254","1467-9876","STATISTICS & PROBABILITY - SCIE","5,314","1.68","Q2","0.77","26.85"%,
"R Journal","R J","2073-4859","N/A","STATISTICS & PROBABILITY - SCIE","5,066","1.673","Q2","0.96","13.76"%,
"Econometric Reviews","ECONOMET REV","0747-4938","1532-4168","STATISTICS & PROBABILITY - SCIE","2,544","1.605","Q2","0.6","8.38"%,
"Statistics in Biopharmaceutical Research","STAT BIOPHARM RES","1946-6315","1946-6315","STATISTICS & PROBABILITY - SCIE","624","1.586","Q2","0.61","6.7"%,
"Stochastics and Partial Differential Equations-Analysis and Computations","STOCH PARTIAL DIFFER","2194-0401","2194-041X","STATISTICS & PROBABILITY - SCIE","386","1.565","Q2","0.72","30"%,
"PROBABILITY IN THE ENGINEERING AND INFORMATIONAL SCIENCES","PROBAB ENG INFORM SC","0269-9648","1469-8951","STATISTICS & PROBABILITY - SCIE","788","1.561","Q3","0.39","0.83"%,
"JOURNAL OF COMPUTATIONAL BIOLOGY","J COMPUT BIOL","1066-5277","1557-8666","STATISTICS & PROBABILITY - SCIE","6,181","1.549","Q3","0.42","9.69"%,
"ENVIRONMETRICS","ENVIRONMETRICS","1180-4009","1099-095X","STATISTICS & PROBABILITY - SCIE","2,339","1.527","Q3","0.51","13.91"%,
"STATISTICAL PAPERS","STAT PAP","0932-5026","1613-9798","STATISTICS & PROBABILITY - SCIE","2,019","1.523","Q3","0.94","7.61"%,
"Journal of Biopharmaceutical Statistics","J BIOPHARM STAT","1054-3406","1520-5711","STATISTICS & PROBABILITY - SCIE","1,653","1.503","Q3","0.44","5.43"%,
"APPLIED STOCHASTIC MODELS IN BUSINESS AND INDUSTRY","APPL STOCH MODEL BUS","1524-1904","1526-4025","STATISTICS & PROBABILITY - SCIE","1,381","1.497","Q3","0.44","7.2"%,
"ANNALES DE L INSTITUT HENRI POINCARE-PROBABILITES ET STATISTIQUES","ANN I H POINCARE-PR","0246-0203","N/A","STATISTICS & PROBABILITY - SCIE","1,815","1.484","Q3","0.69","0.73"%,
"Stochastics and Dynamics","STOCH DYNAM","0219-4937","1793-6799","STATISTICS & PROBABILITY - SCIE","853","1.45","Q3","0.5","1.23"%,
"STOCHASTIC PROCESSES AND THEIR APPLICATIONS","STOCH PROC APPL","0304-4149","1879-209X","STATISTICS & PROBABILITY - SCIE","6,078","1.43","Q3","0.7","4.39"%,
"LIFETIME DATA ANALYSIS","LIFETIME DATA ANAL","1380-7870","1572-9249","STATISTICS & PROBABILITY - SCIE","1,115","1.429","Q3","0.55","14.15"%,
"JOURNAL OF APPLIED STATISTICS","J APPL STAT","0266-4763","1360-0532","STATISTICS & PROBABILITY - SCIE","4,537","1.416","Q3","0.59","3.97"%,
"COMPUTATIONAL STATISTICS","COMPUTATION STAT","0943-4062","1613-9658","STATISTICS & PROBABILITY - SCIE","1,773","1.405","Q3","0.6","14.74"%,
"JOURNAL OF MULTIVARIATE ANALYSIS","J MULTIVARIATE ANAL","0047-259X","N/A","STATISTICS & PROBABILITY - SCIE","6,424","1.387","Q3","0.64","4.22"%,
"Mathematical Population Studies","MATH POPUL STUD","0889-8480","1547-724X","STATISTICS & PROBABILITY - SCIE","251","1.355","Q3","0.39","0"%,
"STOCHASTIC ANALYSIS AND APPLICATIONS","STOCH ANAL APPL","0736-2994","1532-9356","STATISTICS & PROBABILITY - SCIE","1,262","1.344","Q3","0.58","3.56"%,
"STATISTICA SINICA","STAT SINICA","1017-0405","1996-8507","STATISTICS & PROBABILITY - SCIE","4,365","1.33","Q3","0.52","0"%,
"Extremes","EXTREMES","1386-1999","1572-915X","STATISTICS & PROBABILITY - SCIE","661","1.318","Q3","0.51","28.13"%,
"AStA-Advances in Statistical Analysis","ASTA-ADV STAT ANAL","1863-8171","1863-818X","STATISTICS & PROBABILITY - SCIE","530","1.281","Q3","0.55","23.3"%,
"Statistical Analysis and Data Mining","STAT ANAL DATA MIN","1932-1864","1932-1872","STATISTICS & PROBABILITY - SCIE","719","1.247","Q3","0.34","12"%,
"STATISTICA NEERLANDICA","STAT NEERL","0039-0402","1467-9574","STATISTICS & PROBABILITY - SCIE","1,045","1.239","Q3","0.55","27.27"%,
"PHARMACEUTICAL STATISTICS","PHARM STAT","1539-1604","1539-1612","STATISTICS & PROBABILITY - SCIE","1,836","1.234","Q3","0.49","13.58"%,
"Electronic Journal of Statistics","ELECTRON J STAT","1935-7524","1935-7524","STATISTICS & PROBABILITY - SCIE","2,756","1.225","Q3","0.5","99.52"%,
"JOURNAL OF STATISTICAL COMPUTATION AND SIMULATION","J STAT COMPUT SIM","0094-9655","1563-5163","STATISTICS & PROBABILITY - SCIE","4,237","1.225","Q3","0.41","2.58"%,
"COMBINATORICS PROBABILITY & COMPUTING","COMB PROBAB COMPUT","0963-5483","1469-2163","STATISTICS & PROBABILITY - SCIE","1,270","1.211","Q3","0.6","12.57"%,
"Random Matrices-Theory and Applications","RANDOM MATRICES-THEO","2010-3263","2010-3271","STATISTICS & PROBABILITY - SCIE","314","1.209","Q3","0.45","1.19"%,
"JOURNAL OF TIME SERIES ANALYSIS","J TIME SER ANAL","0143-9782","1467-9892","STATISTICS & PROBABILITY - SCIE","2,521","1.208","Q3","0.44","14.38"%,
"ANNALS OF THE INSTITUTE OF STATISTICAL MATHEMATICS","ANN I STAT MATH","0020-3157","1572-9052","STATISTICS & PROBABILITY - SCIE","2,545","1.18","Q3","0.53","0"%,
"Statistical Methods and Applications","STAT METHOD APPL-GER","1618-2510","1613-981X","STATISTICS & PROBABILITY - SCIE","649","1.174","Q3","0.48","23.27"%,
"COMMUNICATIONS IN STATISTICS-SIMULATION AND COMPUTATION","COMMUN STAT-SIMUL C","0361-0918","1532-4141","STATISTICS & PROBABILITY - SCIE","4,683","1.162","Q3","0.49","1.73"%,
"Journal of Official Statistics","J OFF STAT","0282-423X","2001-7367","STATISTICS & PROBABILITY - SCIE","1,430","1.139","Q3","0.4","97.37"%,
"ELECTRONIC JOURNAL OF PROBABILITY","ELECTRON J PROBAB","1083-6489","1083-6489","STATISTICS & PROBABILITY - SCIE","2,293","1.134","Q3","0.46","97.88"%,
"JOURNAL OF APPLIED PROBABILITY","J APPL PROBAB","0021-9002","1475-6072","STATISTICS & PROBABILITY - SCIE","3,710","1.116","Q4","0.41","0"%,
"Journal of Statistical Planning and Inference","J STAT PLAN INFER","0378-3758","1873-1171","STATISTICS & PROBABILITY - SCIE","5,697","1.095","Q4","0.54","3.59"%,
"ADVANCES IN APPLIED PROBABILITY","ADV APPL PROBAB","0001-8678","1475-6064","STATISTICS & PROBABILITY - SCIE","2,320","1.06","Q4","0.38","0"%,
"SCANDINAVIAN JOURNAL OF STATISTICS","SCAND J STAT","0303-6898","1467-9469","STATISTICS & PROBABILITY - SCIE","4,485","1.04","Q4","0.47","22.17"%,
"Sequential Analysis-Design Methods and Applications","SEQUENTIAL ANAL","0747-4946","1532-4176","STATISTICS & PROBABILITY - SCIE","511","1.038","Q4","0.4","2.53"%,
"JOURNAL OF NONPARAMETRIC STATISTICS","J NONPARAMETR STAT","1048-5252","1029-0311","STATISTICS & PROBABILITY - SCIE","1,100","1.012","Q4","0.46","2.65"%,
"Stochastics-An International Journal of Probability and Stochastic Processes","STOCHASTICS","1744-2508","1744-2516","STATISTICS & PROBABILITY - SCIE","908","1","Q4","0.42","4.37"%,
"REVSTAT-Statistical Journal","REVSTAT-STAT J","1645-6726","2183-0371","STATISTICS & PROBABILITY - SCIE","366","0.985","Q4","0.37","0"%,
"METRIKA","METRIKA","0026-1335","1435-926X","STATISTICS & PROBABILITY - SCIE","1,221","0.96","Q4","0.4","12.14"%,
"Brazilian Journal of Probability and Statistics","BRAZ J PROBAB STAT","0103-0752","0103-0752","STATISTICS & PROBABILITY - SCIE","431","0.955","Q4","0.44","1.48"%,
"STATISTICAL MODELLING","STAT MODEL","1471-082X","1477-0342","STATISTICS & PROBABILITY - SCIE","984","0.927","Q4","0.62","10.83"%,
"METHODOLOGY AND COMPUTING IN APPLIED PROBABILITY","METHODOL COMPUT APPL","1387-5841","1573-7713","STATISTICS & PROBABILITY - SCIE","858","0.88","Q4","0.49","13.4"%,
"Hacettepe Journal of Mathematics and Statistics","HACET J MATH STAT","N/A","2651-477X","STATISTICS & PROBABILITY - SCIE","1,346","0.867","Q4","0.62","67.67"%,
"AUSTRALIAN & NEW ZEALAND JOURNAL OF STATISTICS","AUST NZ J STAT","1369-1473","1467-842X","STATISTICS & PROBABILITY - SCIE","752","0.867","Q4","0.3","5.13"%,
"COMMUNICATIONS IN STATISTICS-THEORY AND METHODS","COMMUN STAT-THEOR M","0361-0926","1532-415X","STATISTICS & PROBABILITY - SCIE","7,584","0.863","Q4","0.39","1.75"%,
"INFINITE DIMENSIONAL ANALYSIS QUANTUM PROBABILITY AND RELATED TOPICS","INFIN DIMENS ANAL QU","0219-0257","1793-6306","STATISTICS & PROBABILITY - SCIE","1,165","0.828","Q4","0.29","1.2"%,
"Journal of the Korean Statistical Society","J KOREAN STAT SOC","1226-3192","2005-2863","STATISTICS & PROBABILITY - SCIE","566","0.82","Q4","0.37","3.02"%,
"CANADIAN JOURNAL OF STATISTICS-REVUE CANADIENNE DE STATISTIQUE","CAN J STAT","0319-5724","1708-945X","STATISTICS & PROBABILITY - SCIE","1,534","0.758","Q4","0.34","5.59"%,
"JOURNAL OF THEORETICAL PROBABILITY","J THEOR PROBAB","0894-9840","1572-9230","STATISTICS & PROBABILITY - SCIE","1,220","0.733","Q4","0.35","17.87"%,
"ALEA-Latin American Journal of Probability and Mathematical Statistics","ALEA-LAT AM J PROBAB","1980-0436","N/A","STATISTICS & PROBABILITY - SCIE","386","0.732","Q4","0.31","0"%,
"STATISTICS & PROBABILITY LETTERS","STAT PROBABIL LETT","0167-7152","1879-2103","STATISTICS & PROBABILITY - SCIE","5,545","0.718","Q4","0.38","2.79"%,
"Survey Methodology","SURV METHODOL","0714-0045","N/A","STATISTICS & PROBABILITY - SCIE","917","0.718","Q4","0.2","0"%,
"ELECTRONIC COMMUNICATIONS IN PROBABILITY","ELECTRON COMMUN PROB","N/A","1083-589X","STATISTICS & PROBABILITY - SCIE","955","0.709","Q4","0.28","98.17"%,
"ESAIM-Probability and Statistics","ESAIM-PROBAB STAT","1292-8100","1262-3318","STATISTICS & PROBABILITY - SCIE","456","0.704","Q4","0.3","46.39"%,
"Statistical Applications in Genetics and Molecular Biology","STAT APPL GENET MOL","2194-6302","1544-6115","STATISTICS & PROBABILITY - SCIE","1,824","0.676","Q4","0.17","6.52"%,
"INTERNATIONAL JOURNAL OF GAME THEORY","INT J GAME THEORY","0020-7276","1432-1270","STATISTICS & PROBABILITY - SCIE","1,569","0.649","Q4","0.27","22.75"%,
"STOCHASTIC MODELS","STOCH MODELS","1532-6349","1532-4214","STATISTICS & PROBABILITY - SCIE","492","0.613","Q4","0.3","10.64"%,
"LAW PROBABILITY & RISK","LAW PROBAB RISK","1470-8396","1470-840X","STATISTICS & PROBABILITY - SCIE","191","0.581","Q4","0.65","11.43"%,
"OPEN SYSTEMS & INFORMATION DYNAMICS","OPEN SYST INF DYN","1230-1612","1793-7191","STATISTICS & PROBABILITY - SCIE","421","0.571","Q4","0.26","0"%,
"THEORY OF PROBABILITY AND ITS APPLICATIONS","THEOR PROBAB APPL+","0040-585X","1095-7219","STATISTICS & PROBABILITY - SCIE","2,057","0.56","Q4","0.35","0"%,
"Probability and Mathematical Statistics-Poland","PROBAB MATH STAT-POL","0208-4147","N/A","STATISTICS & PROBABILITY - SCIE","268","0.522","Q4","0.21","45.61"%,
"Markov Processes and Related Fields","MARKOV PROCESS RELAT","1024-2953","1024-2953","STATISTICS & PROBABILITY - SCIE","313","0.441","Q4","0.2","0"%,
"Statistica","STATISTICA","0390-590X","1973-2201","STATISTICS & PROBABILITY - ESCI","405","N/A","N/A","0.37","0"%,
"Journal of the Indian Society for Probability and Statistics","J INDIAN SOC PROB ST","N/A","2364-9569","STATISTICS & PROBABILITY - ESCI","45","N/A","N/A","0.15","0"%,
"Dependence Modeling","DEPEND MODEL","2300-2298","2300-2298","STATISTICS & PROBABILITY - ESCI","180","N/A","N/A","0.29","95"%,
"Journal of the SFdS","J SFDS","2102-6238","2102-6238","STATISTICS & PROBABILITY - ESCI","184","N/A","N/A","0.36","0"%,
"Probability Surveys","PROBAB SURV","1549-5787","1549-5787","STATISTICS & PROBABILITY - ESCI","581","N/A","N/A","1","100"%,
"Thailand Statistician","THAIL STATIST","1685-9057","2351-0676","STATISTICS & PROBABILITY - ESCI","107","N/A","N/A","0.32","0"%,
"Statistics & Risk Modeling","STATIST RISK MODEL","2193-1402","2196-7040","STATISTICS & PROBABILITY - ESCI","203","N/A","N/A","0.23","7.14"%,
"Foundations of Data Science","FOUND DATA SCI","N/A","2639-8001","STATISTICS & PROBABILITY - ESCI","95","N/A","N/A","0.76","98.33"%,
"JP Journal of Biostatistics","JP J BIOSTAT","0973-5143","0973-5143","STATISTICS & PROBABILITY - ESCI","21","N/A","N/A","0.02","26.51"%,
"Statistics and Applications","STAT APPL","2454-7395","2454-7395","STATISTICS & PROBABILITY - ESCI","177","N/A","N/A","0.1","0"%,
"Chilean Journal of Statistics","CHIL J STAT","0718-7912","0718-7920","STATISTICS & PROBABILITY - ESCI","139","N/A","N/A","0.44","0"%,
"Austrian Journal of Statistics","AUST J STAT","1026-597X","1026-597X","STATISTICS & PROBABILITY - ESCI","487","N/A","N/A","0.27","87.96"%,
"Cogent Mathematics & Statistics","COGENT MATH STAT","N/A","2574-2558","STATISTICS & PROBABILITY - ESCI","143","N/A","N/A","0.61","98.33"%,
"SOUTH AFRICAN STATISTICAL JOURNAL","S AFR STAT J","0038-271X","1996-8450","STATISTICS & PROBABILITY - ESCI","109","N/A","N/A","0.1","8.82"%,
"Mathematical Methods of Statistics","MATH METHODS STAT","1066-5307","1934-8045","STATISTICS & PROBABILITY - ESCI","447","N/A","N/A","0.17","0"%,
"Korean Journal of Applied Statistics","KOREAN J APPL STAT","1225-066X","2383-5818","STATISTICS & PROBABILITY - ESCI","108","N/A","N/A","0.07","0"%,
"Monte Carlo Methods and Applications","MONTE CARLO METHODS","0929-9629","0929-9629","STATISTICS & PROBABILITY - ESCI","689","N/A","N/A","0.26","2.78"%,
"Journal of Probability and Statistics","J PROBAB STAT","1687-952X","1687-9538","STATISTICS & PROBABILITY - ESCI","252","N/A","N/A","0.35","100"%,
"Advances and Applications in Statistics","ADV APPL STAT","0972-3617","0972-3617","STATISTICS & PROBABILITY - ESCI","121","N/A","N/A","0.08","15.64"%,
"RMS-Research in Mathematics & Statistics","RMS RES MATH STAT","N/A","2765-8449","STATISTICS & PROBABILITY - ESCI","1","N/A","N/A","N/A","100"%,
"Random Operators and Stochastic Equations","RANDOM OPERATORS STO","0926-6364","1569-397X","STATISTICS & PROBABILITY - ESCI","90","N/A","N/A","0.16","0"%,
"Journal of Statistical Theory and Practice","J STAT THEORY PRACT","1559-8608","1559-8616","STATISTICS & PROBABILITY - ESCI","450","N/A","N/A","0.31","7.58"%,
"Journal of Statistics & Management Systems","J STAT MANAG SYST","0972-0510","2169-0014","STATISTICS & PROBABILITY - ESCI","737","N/A","N/A","0.47","0"%,
"Metron-International Journal of Statistics","METRON","0026-1424","2281-695X","STATISTICS & PROBABILITY - ESCI","548","N/A","N/A","0.37","28.79"%,
"Modern Stochastics-Theory and Applications","MOD STOCH-THEORY APP","2351-6054","2351-6054","STATISTICS & PROBABILITY - ESCI","78","N/A","N/A","0.28","97.1"%,
"Journal of Modern Applied Statistical Methods","J MOD APPL STAT METH","1538-9472","1538-9472","STATISTICS & PROBABILITY - ESCI","1,293","N/A","N/A","0.1","97.78"%,
"Probability Uncertainty and Quantitative Risk","PROBAB UNCERTAIN QUA","2095-9672","2367-0126","STATISTICS & PROBABILITY - ESCI","82","N/A","N/A","0.84","39.39"%,
"Journal of Reliability and Statistical Studies","J RELIAB STAT STUD","0974-8024","2229-5666","STATISTICS & PROBABILITY - ESCI","85","N/A","N/A","0.13","54.32"%,
"Journal of Statistical Theory and Applications","J STAT THEORY APPL","N/A","2214-1766","STATISTICS & PROBABILITY - ESCI","347","N/A","N/A","0.28","93.28"%,
"Statistical Inference for Stochastic Processes","STAT INFER STOCH PRO","1387-0874","1572-9311","STATISTICS & PROBABILITY - ESCI","179","N/A","N/A","0.5","15.19"%,
"Japanese Journal of Statistics and Data Science","JPN J STAT DATA SCI","2520-8756","2520-8764","STATISTICS & PROBABILITY - ESCI","90","N/A","N/A","0.27","18.52"%,
"JIRSS-Journal of the Iranian Statistical Society","JIRSS-J IRAN STAT SO","1726-4057","2538-189X","STATISTICS & PROBABILITY - ESCI","94","N/A","N/A","0.22","98.18"%,
"Theory of Probability and Mathematical Statistics","THEOR PROBAB MATH ST","0094-9000","1547-7363","STATISTICS & PROBABILITY - ESCI","141","N/A","N/A","0.19","0"%,
"Electronic Journal of Applied Statistical Analysis","ELECTRON J APPL STAT","2070-5948","2070-5948","STATISTICS & PROBABILITY - ESCI","257","N/A","N/A","0.32","0"%,
"Pakistan Journal of Statistics and Operation Research","PAK J STAT OPER RES","1816-2711","2220-5810","STATISTICS & PROBABILITY - ESCI","529","N/A","N/A","0.68","71.57"%,
"Communications for Statistical Applications and Methods","COMMUN STAT APPL MET","2287-7843","2383-4757","STATISTICS & PROBABILITY - ESCI","338","N/A","N/A","0.22","100"%,
"Sankhya-Series A-Mathematical Statistics and Probability","SANKHYA SER A","0976-836X","0976-8378","STATISTICS & PROBABILITY - ESCI","793","N/A","N/A","0.33","8.33"%,
"Sankhya-Series B-Applied and Interdisciplinary Statistics","SANKHYA SER B","0976-8386","0976-8394","STATISTICS & PROBABILITY - ESCI","390","N/A","N/A","0.28","8.11"%,
"Statistics Surveys","STAT SURV","1935-7516","1935-7516","STATISTICS & PROBABILITY - ESCI","712","N/A","N/A","1.18","100"%,

