"Journal Data Filtered By:  Selected Categories: CARDIAC & CARDIOVASCULAR SYSTEMS Selected Editions: SCIE;SSCI;AHCI;ESCI Selected JCR Year: 2021 Selected Category Schema: WOS Selected Open Access: N Indicator: Default"

Journal name,JCR Abbreviation,ISSN,eISSN,Category,Total Citations,2021 JIF,JIF Quartile,2021 JCI,% of OA Gold
"Nature Reviews Cardiology","NAT REV CARDIOL","1759-5002","1759-5010","CARDIAC & CARDIOVASCULAR SYSTEMS - SCIE","15,496","49.421","Q1","5.63","3.87"%,
"CIRCULATION","CIRCULATION","0009-7322","1524-4539","CARDIAC & CARDIOVASCULAR SYSTEMS - SCIE","202,844","39.918","Q1","6.47","19.83"%,
"EUROPEAN HEART JOURNAL","EUR HEART J","0195-668X","1522-9645","CARDIAC & CARDIOVASCULAR SYSTEMS - SCIE","88,229","35.855","Q1","6.77","32.42"%,
"JAMA Cardiology","JAMA CARDIOL","2380-6583","2380-6591","CARDIAC & CARDIOVASCULAR SYSTEMS - SCIE","15,190","30.154","Q1","6.05","7.45"%,
"JOURNAL OF THE AMERICAN COLLEGE OF CARDIOLOGY","J AM COLL CARDIOL","0735-1097","1558-3597","CARDIAC & CARDIOVASCULAR SYSTEMS - SCIE","134,726","27.203","Q1","4.71","15.05"%,
"CIRCULATION RESEARCH","CIRC RES","0009-7330","1524-4571","CARDIAC & CARDIOVASCULAR SYSTEMS - SCIE","72,814","23.213","Q1","3.8","14.43"%,
"EUROPEAN JOURNAL OF HEART FAILURE","EUR J HEART FAIL","1388-9842","1879-0844","CARDIAC & CARDIOVASCULAR SYSTEMS - SCIE","19,628","17.349","Q1","3.3","36.29"%,
"CURRENT PROBLEMS IN CARDIOLOGY","CURR PROB CARDIOLOGY","0146-2806","1535-6280","CARDIAC & CARDIOVASCULAR SYSTEMS - SCIE","1,477","16.464","Q1","1.7","2.63"%,
"JACC-Cardiovascular Imaging","JACC-CARDIOVASC IMAG","1936-878X","1876-7591","CARDIAC & CARDIOVASCULAR SYSTEMS - SCIE","17,107","16.051","Q1","3.25","11.4"%,
"JOURNAL OF HEART AND LUNG TRANSPLANTATION","J HEART LUNG TRANSPL","1053-2498","1557-3117","CARDIAC & CARDIOVASCULAR SYSTEMS - SCIE","15,150","13.569","Q1","2.27","8.44"%,
"CARDIOVASCULAR RESEARCH","CARDIOVASC RES","0008-6363","1755-3245","CARDIAC & CARDIOVASCULAR SYSTEMS - SCIE","30,452","13.081","Q1","2.68","23.45"%,
"JACC-Heart Failure","JACC-HEART FAIL","2213-1779","2213-1787","CARDIAC & CARDIOVASCULAR SYSTEMS - SCIE","7,129","12.544","Q1","2.54","17.28"%,
"BASIC RESEARCH IN CARDIOLOGY","BASIC RES CARDIOL","0300-8428","1435-1803","CARDIAC & CARDIOVASCULAR SYSTEMS - SCIE","6,119","12.416","Q1","2.79","52.6"%,
"PROGRESS IN CARDIOVASCULAR DISEASES","PROG CARDIOVASC DIS","0033-0620","1873-1740","CARDIAC & CARDIOVASCULAR SYSTEMS - SCIE","6,658","11.278","Q1","1.16","7.26"%,
"European Heart Journal-Cardiovascular Pharmacotherapy","EUR HEART J-CARD PHA","2055-6837","2055-6845","CARDIAC & CARDIOVASCULAR SYSTEMS - SCIE","1,529","11.177","Q1","1.54","14.2"%,
"JACC-Cardiovascular Interventions","JACC-CARDIOVASC INTE","1936-8798","1876-7605","CARDIAC & CARDIOVASCULAR SYSTEMS - SCIE","16,576","11.075","Q1","2.17","8.94"%,
"Circulation-Heart Failure","CIRC-HEART FAIL","1941-3289","1941-3297","CARDIAC & CARDIOVASCULAR SYSTEMS - SCIE","10,063","10.447","Q1","1.89","6.38"%,
"JACC-Basic to Translational Science","JACC-BASIC TRANSL SC","2452-302X","2452-302X","CARDIAC & CARDIOVASCULAR SYSTEMS - SCIE","2,921","9.531","Q1","1.75","99.02"%,
"European Heart Journal-Cardiovascular Imaging","EUR HEART J-CARD IMG","2047-2404","2047-2412","CARDIAC & CARDIOVASCULAR SYSTEMS - SCIE","10,941","9.13","Q1","1.74","13.89"%,
"Cardiovascular Diabetology","CARDIOVASC DIABETOL","N/A","1475-2840","CARDIAC & CARDIOVASCULAR SYSTEMS - SCIE","10,971","8.949","Q1","1.85","99.12"%,
"Circulation-Cardiovascular Imaging","CIRC-CARDIOVASC IMAG","1941-9651","1942-0080","CARDIAC & CARDIOVASCULAR SYSTEMS - SCIE","8,707","8.589","Q1","1.75","11.43"%,
"European Journal of Preventive Cardiology","EUR J PREV CARDIOL","2047-4873","2047-4881","CARDIAC & CARDIOVASCULAR SYSTEMS - SCIE","9,498","8.526","Q1","1.32","10.38"%,
"JACC: CardioOncology","JACC-CARDIOONCOL","2666-0873","2666-0873","CARDIAC & CARDIOVASCULAR SYSTEMS - SCIE","614","8.422","Q1","1.22","96.43"%,
"Circulation-Cardiovascular Quality and Outcomes","CIRC-CARDIOVASC QUAL","1941-7705","1941-7713","CARDIAC & CARDIOVASCULAR SYSTEMS - SCIE","7,359","8.271","Q1","1.29","7.29"%,
"TRENDS IN CARDIOVASCULAR MEDICINE","TRENDS CARDIOVAS MED","1050-1738","1873-2615","CARDIAC & CARDIOVASCULAR SYSTEMS - SCIE","4,104","8.049","Q1","1.62","21.88"%,
"EuroIntervention","EUROINTERVENTION","1774-024X","1969-6213","CARDIAC & CARDIOVASCULAR SYSTEMS - SCIE","7,344","7.728","Q1","1.3","0.26"%,
"JOURNAL OF THE AMERICAN SOCIETY OF ECHOCARDIOGRAPHY","J AM SOC ECHOCARDIOG","0894-7317","N/A","CARDIAC & CARDIOVASCULAR SYSTEMS - SCIE","14,901","7.722","Q1","1.28","6.72"%,
"Circulation-Arrhythmia and Electrophysiology","CIRC-ARRHYTHMIA ELEC","1941-3149","1941-3084","CARDIAC & CARDIOVASCULAR SYSTEMS - SCIE","9,432","7.718","Q1","1.41","10.93"%,
"Circulation-Cardiovascular Interventions","CIRC-CARDIOVASC INTE","1941-7640","1941-7632","CARDIAC & CARDIOVASCULAR SYSTEMS - SCIE","7,400","7.514","Q1","1.43","9.32"%,
"Circulation-Genomic and Precision Medicine","CIRC-GENOM PRECIS ME","2574-8300","2574-8300","CARDIAC & CARDIOVASCULAR SYSTEMS - SCIE","1,587","7.465","Q1","1.28","28.57"%,
"HEART","HEART","1355-6037","1468-201X","CARDIAC & CARDIOVASCULAR SYSTEMS - SCIE","24,054","7.365","Q1","1.44","24"%,
"European Heart Journal-Quality of Care and Clinical Outcomes","EUR HEART J-QUAL CAR","2058-5225","2058-1742","CARDIAC & CARDIOVASCULAR SYSTEMS - SCIE","1,235","7.064","Q1","1.15","16.23"%,
"REVISTA ESPANOLA DE CARDIOLOGIA","REV ESP CARDIOL","0300-8932","1579-2242","CARDIAC & CARDIOVASCULAR SYSTEMS - SCIE","5,123","6.975","Q1","1.82","0.4"%,
"JOURNAL OF CARDIOVASCULAR MAGNETIC RESONANCE","J CARDIOVASC MAGN R","1097-6647","1532-429X","CARDIAC & CARDIOVASCULAR SYSTEMS - SCIE","7,408","6.903","Q1","1.49","98.96"%,
"ATHEROSCLEROSIS","ATHEROSCLEROSIS","0021-9150","1879-1484","CARDIAC & CARDIOVASCULAR SYSTEMS - SCIE","29,505","6.847","Q1","1.16","20.59"%,
"HEART RHYTHM","HEART RHYTHM","1547-5271","1556-3871","CARDIAC & CARDIOVASCULAR SYSTEMS - SCIE","16,671","6.779","Q2","1.46","12.73"%,
"CANADIAN JOURNAL OF CARDIOLOGY","CAN J CARDIOL","0828-282X","1916-7075","CARDIAC & CARDIOVASCULAR SYSTEMS - SCIE","9,961","6.614","Q2","1.06","6.11"%,
"JOURNAL OF CARDIAC FAILURE","J CARD FAIL","1071-9164","1532-8414","CARDIAC & CARDIOVASCULAR SYSTEMS - SCIE","6,958","6.592","Q2","1.01","6.88"%,
"JOURNAL OF THORACIC AND CARDIOVASCULAR SURGERY","J THORAC CARDIOV SUR","0022-5223","1097-685X","CARDIAC & CARDIOVASCULAR SYSTEMS - SCIE","36,387","6.439","Q2","1.47","3.81"%,
"Clinical Research in Cardiology","CLIN RES CARDIOL","1861-0684","1861-0692","CARDIAC & CARDIOVASCULAR SYSTEMS - SCIE","5,312","6.138","Q2","1.34","44.34"%,
"JACC-Clinical Electrophysiology","JACC-CLIN ELECTROPHY","2405-500X","2405-5018","CARDIAC & CARDIOVASCULAR SYSTEMS - SCIE","4,001","6.124","Q2","1.32","12.4"%,
"Journal of the American Heart Association","J AM HEART ASSOC","N/A","2047-9980","CARDIAC & CARDIOVASCULAR SYSTEMS - SCIE","35,306","6.106","Q2","1.22","99.86"%,
"Frontiers in Cardiovascular Medicine","FRONT CARDIOVASC MED","2297-055X","2297-055X","CARDIAC & CARDIOVASCULAR SYSTEMS - SCIE","5,978","5.846","Q2","0.9","98.57"%,
"Hellenic Journal of Cardiology","HELL J CARDIOL","1109-9666","2241-5955","CARDIAC & CARDIOVASCULAR SYSTEMS - SCIE","1,395","5.795","Q2","0.94","98.26"%,
"JOURNAL OF MOLECULAR AND CELLULAR CARDIOLOGY","J MOL CELL CARDIOL","0022-2828","1095-8584","CARDIAC & CARDIOVASCULAR SYSTEMS - SCIE","18,582","5.763","Q2","1","18.51"%,
"EUROPACE","EUROPACE","1099-5129","1532-2092","CARDIAC & CARDIOVASCULAR SYSTEMS - SCIE","13,808","5.486","Q2","1.18","20.2"%,
"JOURNAL OF THROMBOSIS AND THROMBOLYSIS","J THROMB THROMBOLYS","0929-5305","1573-742X","CARDIAC & CARDIOVASCULAR SYSTEMS - SCIE","5,952","5.221","Q2","0.87","13.5"%,
"AMERICAN JOURNAL OF PHYSIOLOGY-HEART AND CIRCULATORY PHYSIOLOGY","AM J PHYSIOL-HEART C","0363-6135","1522-1539","CARDIAC & CARDIOVASCULAR SYSTEMS - SCIE","32,718","5.125","Q2","1.15","3.27"%,
"ANNALS OF THORACIC SURGERY","ANN THORAC SURG","0003-4975","1552-6259","CARDIAC & CARDIOVASCULAR SYSTEMS - SCIE","45,127","5.102","Q2","1.27","0.78"%,
"AMERICAN HEART JOURNAL","AM HEART J","0002-8703","1097-6744","CARDIAC & CARDIOVASCULAR SYSTEMS - SCIE","22,884","5.099","Q2","1.1","14.68"%,
"European Heart Journal-Acute Cardiovascular Care","EUR HEART J-ACUTE CA","2048-8726","2048-8734","CARDIAC & CARDIOVASCULAR SYSTEMS - SCIE","2,716","4.766","Q2","1.08","10.12"%,
"NUTRITION METABOLISM AND CARDIOVASCULAR DISEASES","NUTR METAB CARDIOVAS","0939-4753","1590-3729","CARDIAC & CARDIOVASCULAR SYSTEMS - SCIE","8,961","4.666","Q2","0.95","8.57"%,
"HEART FAILURE REVIEWS","HEART FAIL REV","1382-4147","1573-7322","CARDIAC & CARDIOVASCULAR SYSTEMS - SCIE","4,645","4.654","Q2","0.85","16.67"%,
"Annals of Cardiothoracic Surgery","ANN CARDIOTHORAC SUR","2225-319X","2304-1021","CARDIAC & CARDIOVASCULAR SYSTEMS - SCIE","2,607","4.617","Q2","1.02","100"%,
"RESPIRATORY MEDICINE","RESP MED","0954-6111","1532-3064","CARDIAC & CARDIOVASCULAR SYSTEMS - SCIE","15,365","4.582","Q2","0.87","8.28"%,
"EUROPEAN JOURNAL OF CARDIO-THORACIC SURGERY","EUR J CARDIO-THORAC","1010-7940","1873-734X","CARDIAC & CARDIOVASCULAR SYSTEMS - SCIE","20,574","4.534","Q2","1.17","8.24"%,
"Reviews in Cardiovascular Medicine","REV CARDIOVASC MED","1530-6550","2153-8174","CARDIAC & CARDIOVASCULAR SYSTEMS - SCIE","788","4.43","Q2","0.52","100"%,
"Journal of Cardiovascular Development and Disease","J CARDIOVASC DEV DIS","N/A","2308-3425","CARDIAC & CARDIOVASCULAR SYSTEMS - SCIE","1,001","4.415","Q2","0.63","96.01"%,
"CardioRenal Medicine","CARDIORENAL MED","1664-3828","1664-5502","CARDIAC & CARDIOVASCULAR SYSTEMS - SCIE","937","4.36","Q2","1.22","22.02"%,
"INTERNATIONAL JOURNAL OF CARDIOLOGY","INT J CARDIOL","0167-5273","1874-1754","CARDIAC & CARDIOVASCULAR SYSTEMS - SCIE","38,678","4.039","Q2","0.92","11.3"%,
"CARDIOVASCULAR PATHOLOGY","CARDIOVASC PATHOL","1054-8807","1879-1336","CARDIAC & CARDIOVASCULAR SYSTEMS - SCIE","2,916","3.975","Q2","0.81","6.7"%,
"Current Cardiology Reports","CURR CARDIOL REP","1523-3782","1534-3170","CARDIAC & CARDIOVASCULAR SYSTEMS - SCIE","3,973","3.955","Q2","0.54","10.63"%,
"CARDIOVASCULAR DRUGS AND THERAPY","CARDIOVASC DRUG THER","0920-3206","1573-7241","CARDIAC & CARDIOVASCULAR SYSTEMS - SCIE","3,411","3.947","Q2","0.85","23.82"%,
"JOURNAL OF NUCLEAR CARDIOLOGY","J NUCL CARDIOL","1071-3581","1532-6551","CARDIAC & CARDIOVASCULAR SYSTEMS - SCIE","5,958","3.872","Q2","0.91","16.41"%,
"Journal of Cardiovascular Computed Tomography","J CARDIOVASC COMPUT","1934-5925","1934-5925","CARDIAC & CARDIOVASCULAR SYSTEMS - SCIE","2,923","3.814","Q2","0.9","8"%,
"Kardiologia Polska","KARDIOL POL","0022-9032","1897-4279","CARDIAC & CARDIOVASCULAR SYSTEMS - SCIE","4,018","3.71","Q2","1.42","98.44"%,
"Journal of Cardiopulmonary Rehabilitation and Prevention","J CARDIOPULM REHABIL","1932-7501","1932-751X","CARDIAC & CARDIOVASCULAR SYSTEMS - SCIE","2,540","3.646","Q2","0.53","1.83"%,
"ESC Heart Failure","ESC HEART FAIL","2055-5822","2055-5822","CARDIAC & CARDIOVASCULAR SYSTEMS - SCIE","4,202","3.612","Q2","0.76","93.17"%,
"European Journal of Cardiovascular Nursing","EUR J CARDIOVASC NUR","1474-5151","1873-1953","CARDIAC & CARDIOVASCULAR SYSTEMS - SCIE","2,644","3.593","Q2","1.11","13.49"%,
"Cardiology Journal","CARDIOL J","1897-5593","1898-018X","CARDIAC & CARDIOVASCULAR SYSTEMS - SCIE","1,843","3.487","Q2","0.57","99.6"%,
"Cardiovascular Therapeutics","CARDIOVASC THER","1755-5914","1755-5922","CARDIAC & CARDIOVASCULAR SYSTEMS - SCIE","1,767","3.368","Q2","0.64","100"%,
"CIRCULATION JOURNAL","CIRC J","1346-9843","1347-4820","CARDIAC & CARDIOVASCULAR SYSTEMS - SCIE","11,925","3.35","Q3","0.65","99.54"%,
"CLINICAL CARDIOLOGY","CLIN CARDIOL","0160-9289","1932-8737","CARDIAC & CARDIOVASCULAR SYSTEMS - SCIE","5,989","3.287","Q3","0.6","92.5"%,
"American Journal of Cardiovascular Drugs","AM J CARDIOVASC DRUG","1175-3277","1179-187X","CARDIAC & CARDIOVASCULAR SYSTEMS - SCIE","1,538","3.283","Q3","0.75","14.87"%,
"JOURNAL OF CARDIOVASCULAR PHARMACOLOGY","J CARDIOVASC PHARM","0160-2446","1533-4023","CARDIAC & CARDIOVASCULAR SYSTEMS - SCIE","6,581","3.271","Q3","0.73","10.33"%,
"Global Heart","GLOB HEART","2211-8160","2211-8179","CARDIAC & CARDIOVASCULAR SYSTEMS - SCIE","1,770","3.218","Q3","1.79","98.9"%,
"Journal of Cardiovascular Translational Research","J CARDIOVASC TRANSL","1937-5387","1937-5395","CARDIAC & CARDIOVASCULAR SYSTEMS - SCIE","2,405","3.216","Q3","0.68","18.35"%,
"Archives of Cardiovascular Diseases","ARCH CARDIOVASC DIS","1875-2136","1875-2128","CARDIAC & CARDIOVASCULAR SYSTEMS - SCIE","2,296","3.196","Q3","0.52","1.36"%,
"Journal of Geriatric Cardiology","J GERIATR CARDIOL","1671-5411","N/A","CARDIAC & CARDIOVASCULAR SYSTEMS - SCIE","2,155","3.189","Q3","0.47","0"%,
"HEART & LUNG","HEART LUNG","0147-9563","1527-3288","CARDIAC & CARDIOVASCULAR SYSTEMS - SCIE","3,521","3.149","Q3","0.75","6.36"%,
"AMERICAN JOURNAL OF CARDIOLOGY","AM J CARDIOL","0002-9149","1879-1913","CARDIAC & CARDIOVASCULAR SYSTEMS - SCIE","41,140","3.133","Q3","0.64","6.07"%,
"Cardiology in Review","CARDIOL REV","1061-5377","1538-4683","CARDIAC & CARDIOVASCULAR SYSTEMS - SCIE","1,469","3.109","Q3","0.47","1.42"%,
"Korean Circulation Journal","KOREAN CIRC J","1738-5520","1738-5555","CARDIAC & CARDIOVASCULAR SYSTEMS - SCIE","1,969","3.101","Q3","0.62","50.7"%,
"Journal of Cardiology","J CARDIOL","0914-5087","1876-4738","CARDIAC & CARDIOVASCULAR SYSTEMS - SCIE","4,534","2.974","Q3","0.61","7.96"%,
"JOURNAL OF CARDIOVASCULAR ELECTROPHYSIOLOGY","J CARDIOVASC ELECTR","1045-3873","1540-8167","CARDIAC & CARDIOVASCULAR SYSTEMS - SCIE","9,318","2.942","Q3","0.62","9.78"%,
"JOURNAL OF CARDIOTHORACIC AND VASCULAR ANESTHESIA","J CARDIOTHOR VASC AN","1053-0770","1532-8422","CARDIAC & CARDIOVASCULAR SYSTEMS - SCIE","8,025","2.894","Q3","0.62","3.37"%,
"Pulmonary Circulation","PULM CIRC","2045-8932","2045-8940","CARDIAC & CARDIOVASCULAR SYSTEMS - SCIE","2,740","2.886","Q3","0.54","90.19"%,
"Netherlands Heart Journal","NETH HEART J","1568-5888","1876-6250","CARDIAC & CARDIOVASCULAR SYSTEMS - SCIE","1,950","2.854","Q3","0.57","98.78"%,
"Heart Lung and Circulation","HEART LUNG CIRC","1443-9506","1444-2892","CARDIAC & CARDIOVASCULAR SYSTEMS - SCIE","4,576","2.838","Q3","0.58","2.71"%,
"Heart Failure Clinics","HEART FAIL CLIN","1551-7136","N/A","CARDIAC & CARDIOVASCULAR SYSTEMS - SCIE","1,383","2.828","Q3","0.64","2.4"%,
"JOURNAL OF CARDIOVASCULAR PHARMACOLOGY AND THERAPEUTICS","J CARDIOVASC PHARM T","1074-2484","1940-4034","CARDIAC & CARDIOVASCULAR SYSTEMS - SCIE","1,804","2.807","Q3","0.53","7.45"%,
"CARDIOVASCULAR AND INTERVENTIONAL RADIOLOGY","CARDIOVASC INTER RAD","0174-1551","1432-086X","CARDIAC & CARDIOVASCULAR SYSTEMS - SCIE","7,948","2.797","Q3","0.64","18.99"%,
"Cardiovascular Toxicology","CARDIOVASC TOXICOL","1530-7905","1559-0259","CARDIAC & CARDIOVASCULAR SYSTEMS - SCIE","1,938","2.755","Q3","0.68","6.58"%,
"Arquivos Brasileiros de Cardiologia","ARQ BRAS CARDIOL","0066-782X","N/A","CARDIAC & CARDIOVASCULAR SYSTEMS - SCIE","4,432","2.667","Q3","0.46","95.38"%,
"CATHETERIZATION AND CARDIOVASCULAR INTERVENTIONS","CATHETER CARDIO INTE","1522-1946","1522-726X","CARDIAC & CARDIOVASCULAR SYSTEMS - SCIE","11,897","2.585","Q3","0.59","9.69"%,
"Cardiovascular Diagnosis and Therapy","CARDIOVASC DIAGN THE","2223-3652","2223-3660","CARDIAC & CARDIOVASCULAR SYSTEMS - SCIE","2,381","2.552","Q3","0.46","87.41"%,
"Annals of Thoracic Medicine","ANN THORAC MED","1817-1737","1998-3557","CARDIAC & CARDIOVASCULAR SYSTEMS - SCIE","1,165","2.535","Q3","0.45","95.24"%,
"Journal of Cardiovascular Nursing","J CARDIOVASC NURS","0889-4655","1550-5049","CARDIAC & CARDIOVASCULAR SYSTEMS - SCIE","2,516","2.468","Q3","0.81","6.73"%,
"Journal of Cardiovascular Medicine","J CARDIOVASC MED","1558-2027","1558-2035","CARDIAC & CARDIOVASCULAR SYSTEMS - SCIE","2,460","2.43","Q3","0.41","1.16"%,
"Congenital Heart Disease","CONGENIT HEART DIS","1747-079X","1747-0803","CARDIAC & CARDIOVASCULAR SYSTEMS - SCIE","2,335","2.419","Q3","0.46","38.65"%,
"CARDIOLOGY CLINICS","CARDIOL CLIN","0733-8651","1558-2264","CARDIAC & CARDIOVASCULAR SYSTEMS - SCIE","1,550","2.41","Q3","0.46","1.22"%,
"Seminars in Thoracic and Cardiovascular Surgery","SEMIN THORAC CARDIOV","1043-0679","1532-9488","CARDIAC & CARDIOVASCULAR SYSTEMS - SCIE","2,333","2.41","Q3","0.56","4.31"%,
"CARDIOLOGY","CARDIOLOGY","0008-6312","1421-9751","CARDIAC & CARDIOVASCULAR SYSTEMS - SCIE","2,938","2.342","Q3","0.42","8.9"%,
"INTERNATIONAL JOURNAL OF CARDIOVASCULAR IMAGING","INT J CARDIOVAS IMAG","1569-5794","1573-0743","CARDIAC & CARDIOVASCULAR SYSTEMS - SCIE","4,746","2.316","Q3","0.54","20.07"%,
"Cardiovascular Engineering and Technology","CARDIOVASC ENG TECHN","1869-408X","1869-4098","CARDIAC & CARDIOVASCULAR SYSTEMS - SCIE","990","2.305","Q3","0.52","19.8"%,
"Minerva Cardiology and Angiology","MINERVA CARDIOL ANGI","2724-5683","2724-5772","CARDIAC & CARDIOVASCULAR SYSTEMS - SCIE","698","2.269","Q3","N/A","0"%,
"Cardiovascular Ultrasound","CARDIOVASC ULTRASOUN","N/A","1476-7120","CARDIAC & CARDIOVASCULAR SYSTEMS - SCIE","1,440","2.263","Q3","0.43","99.13"%,
"BMC Cardiovascular Disorders","BMC CARDIOVASC DISOR","1471-2261","1471-2261","CARDIAC & CARDIOVASCULAR SYSTEMS - SCIE","6,554","2.174","Q4","0.46","99.72"%,
"CURRENT OPINION IN CARDIOLOGY","CURR OPIN CARDIOL","0268-4705","1531-7080","CARDIAC & CARDIOVASCULAR SYSTEMS - SCIE","2,806","2.108","Q4","0.34","1.68"%,
"SCANDINAVIAN CARDIOVASCULAR JOURNAL","SCAND CARDIOVASC J","1401-7431","1651-2006","CARDIAC & CARDIOVASCULAR SYSTEMS - SCIE","1,095","1.992","Q4","0.34","22.44"%,
"Cardiology Research and Practice","CARDIOL RES PRACT","2090-8016","2090-0597","CARDIAC & CARDIOVASCULAR SYSTEMS - SCIE","1,290","1.99","Q4","0.35","100"%,
"Interactive Cardiovascular and Thoracic Surgery","INTERACT CARDIOV TH","1569-9293","1569-9285","CARDIAC & CARDIOVASCULAR SYSTEMS - SCIE","7,151","1.978","Q4","0.52","2.61"%,
"PACE-PACING AND CLINICAL ELECTROPHYSIOLOGY","PACE","0147-8389","1540-8159","CARDIAC & CARDIOVASCULAR SYSTEMS - SCIE","6,123","1.912","Q4","0.35","11.48"%,
"Annals of Thoracic and Cardiovascular Surgery","ANN THORAC CARDIOVAS","1341-1098","2186-1005","CARDIAC & CARDIOVASCULAR SYSTEMS - SCIE","1,449","1.889","Q4","0.49","100"%,
"ECHOCARDIOGRAPHY-A JOURNAL OF CARDIOVASCULAR ULTRASOUND AND ALLIED TECHNIQUES","ECHOCARDIOGR-J CARD","0742-2822","1540-8175","CARDIAC & CARDIOVASCULAR SYSTEMS - SCIE","4,259","1.874","Q4","0.34","6.47"%,
"PEDIATRIC CARDIOLOGY","PEDIATR CARDIOL","0172-0643","1432-1971","CARDIAC & CARDIOVASCULAR SYSTEMS - SCIE","6,020","1.838","Q4","0.55","10.41"%,
"International Heart Journal","INT HEART J","1349-2365","1349-3299","CARDIAC & CARDIOVASCULAR SYSTEMS - SCIE","2,487","1.823","Q4","0.4","100"%,
"HEART AND VESSELS","HEART VESSELS","0910-8327","1615-2573","CARDIAC & CARDIOVASCULAR SYSTEMS - SCIE","3,213","1.814","Q4","0.41","10.05"%,
"Acta Cardiologica Sinica","ACTA CARDIOL SIN","1011-6842","N/A","CARDIAC & CARDIOVASCULAR SYSTEMS - SCIE","824","1.8","Q4","0.42","0"%,
"JOURNAL OF CARDIAC SURGERY","J CARDIAC SURG","0886-0440","1540-8191","CARDIAC & CARDIOVASCULAR SYSTEMS - SCIE","3,874","1.778","Q4","0.44","9.47"%,
"JOURNAL OF INTERVENTIONAL CARDIOLOGY","J INTERV CARDIOL","0896-4327","1540-8183","CARDIAC & CARDIOVASCULAR SYSTEMS - SCIE","1,652","1.776","Q4","0.42","98.21"%,
"JOURNAL OF INTERVENTIONAL CARDIAC ELECTROPHYSIOLOGY","J INTERV CARD ELECTR","1383-875X","1572-8595","CARDIAC & CARDIOVASCULAR SYSTEMS - SCIE","2,411","1.759","Q4","0.39","12.66"%,
"THORACIC AND CARDIOVASCULAR SURGEON","THORAC CARDIOV SURG","0171-6425","1439-1902","CARDIAC & CARDIOVASCULAR SYSTEMS - SCIE","2,415","1.756","Q4","0.45","5.54"%,
"HERZ","HERZ","0340-9937","1615-6692","CARDIAC & CARDIOVASCULAR SYSTEMS - SCIE","1,573","1.74","Q4","0.29","11.11"%,
"ACTA CARDIOLOGICA","ACTA CARDIOL","0001-5385","1784-973X","CARDIAC & CARDIOVASCULAR SYSTEMS - SCIE","1,371","1.738","Q4","0.33","2.11"%,
"CORONARY ARTERY DISEASE","CORONARY ARTERY DIS","0954-6928","1473-5830","CARDIAC & CARDIOVASCULAR SYSTEMS - SCIE","2,108","1.717","Q4","0.35","4.66"%,
"JOURNAL OF INVASIVE CARDIOLOGY","J INVASIVE CARDIOL","1042-3931","1557-2501","CARDIAC & CARDIOVASCULAR SYSTEMS - SCIE","2,076","1.711","Q4","0.38","0"%,
"Revista Portuguesa de Cardiologia","REV PORT CARDIOL","0870-2551","0304-4750","CARDIAC & CARDIOVASCULAR SYSTEMS - SCIE","1,198","1.651","Q4","0.31","100"%,
"EUROPEAN HEART JOURNAL SUPPLEMENTS","EUR HEART J SUPPL","1520-765X","1554-2815","CARDIAC & CARDIOVASCULAR SYSTEMS - SCIE","1,000","1.624","Q4","0.33","98.02"%,
"JOURNAL OF CARDIOVASCULAR SURGERY","J CARDIOVASC SURG","0021-9509","1827-191X","CARDIAC & CARDIOVASCULAR SYSTEMS - SCIE","2,255","1.595","Q4","0.39","0"%,
"PERFUSION-UK","PERFUSION-UK","0267-6591","1477-111X","CARDIAC & CARDIOVASCULAR SYSTEMS - SCIE","2,016","1.581","Q4","0.33","8.19"%,
"Journal of Cardiothoracic Surgery","J CARDIOTHORAC SURG","N/A","1749-8090","CARDIAC & CARDIOVASCULAR SYSTEMS - SCIE","3,372","1.522","Q4","0.44","99.89"%,
"ANNALS OF NONINVASIVE ELECTROCARDIOLOGY","ANN NONINVAS ELECTRO","1082-720X","1542-474X","CARDIAC & CARDIOVASCULAR SYSTEMS - SCIE","1,768","1.485","Q4","0.31","61.22"%,
"Anatolian Journal of Cardiology","ANATOL J CARDIOL","2149-2263","2149-2271","CARDIAC & CARDIOVASCULAR SYSTEMS - SCIE","1,833","1.475","Q4","0.34","85.71"%,
"JOURNAL OF ELECTROCARDIOLOGY","J ELECTROCARDIOL","0022-0736","1532-8430","CARDIAC & CARDIOVASCULAR SYSTEMS - SCIE","3,370","1.38","Q4","0.31","5.99"%,
"Brazilian Journal of Cardiovascular Surgery","BRAZ J CARDIOV SURG","0102-7638","1678-9741","CARDIAC & CARDIOVASCULAR SYSTEMS - SCIE","1,327","1.283","Q4","0.32","93.03"%,
"General Thoracic and Cardiovascular Surgery","GEN THORAC CARDIOVAS","1863-6705","1863-6713","CARDIAC & CARDIOVASCULAR SYSTEMS - SCIE","2,236","1.227","Q4","0.37","7.32"%,
"TEXAS HEART INSTITUTE JOURNAL","TEX HEART I J","0730-2347","1526-6702","CARDIAC & CARDIOVASCULAR SYSTEMS - SCIE","2,377","1.103","Q4","0.23","92.59"%,
"Postepy w Kardiologii Interwencyjnej","POSTEP KARDIOL INTER","1734-9338","1897-4295","CARDIAC & CARDIOVASCULAR SYSTEMS - SCIE","446","1.065","Q4","0.23","100"%,
"CARDIOLOGY IN THE YOUNG","CARDIOL YOUNG","1047-9511","1467-1107","CARDIAC & CARDIOVASCULAR SYSTEMS - SCIE","3,990","1.023","Q4","0.31","6.23"%,
"Cardiovascular Journal of Africa","CARDIOVASC J AFR","1995-1892","1680-0745","CARDIAC & CARDIOVASCULAR SYSTEMS - SCIE","1,445","0.802","Q4","0.21","0"%,
"HEART SURGERY FORUM","HEART SURG FORUM","1098-3511","1522-6662","CARDIAC & CARDIOVASCULAR SYSTEMS - SCIE","774","0.699","Q4","0.19","94"%,
"KARDIOLOGIYA","KARDIOLOGIYA","0022-9040","N/A","CARDIAC & CARDIOVASCULAR SYSTEMS - SCIE","636","0.513","Q4","0.1","84.89"%,
"Turk Kardiyoloji Dernegi Arsivi-Archives of the Turkish Society of Cardiology","TURK KARDIYOL DERN A","1016-5169","1016-5169","CARDIAC & CARDIOVASCULAR SYSTEMS - ESCI","799","N/A","N/A","0.18","98.09"%,
"CorSalud","CORSALUD","2078-7170","2078-7170","CARDIAC & CARDIOVASCULAR SYSTEMS - ESCI","73","N/A","N/A","0.04","0"%,
"Kardiologe","KARDIOLOGE","1864-9718","1864-9726","CARDIAC & CARDIOVASCULAR SYSTEMS - ESCI","168","N/A","N/A","0.18","3.51"%,
"Open Heart","OPEN HEART","2053-3624","2053-3624","CARDIAC & CARDIOVASCULAR SYSTEMS - ESCI","2,714","N/A","N/A","0.56","96.56"%,
"COR ET VASA","COR VASA","0010-8650","1803-7712","CARDIAC & CARDIOVASCULAR SYSTEMS - ESCI","299","N/A","N/A","0.05","95.88"%,
"Heart Views","HEART VIEWS","1995-705X","0976-5123","CARDIAC & CARDIOVASCULAR SYSTEMS - ESCI","375","N/A","N/A","0.12","54.79"%,
"Cardiogenetics","CARDIOGENETICS","2035-8253","2035-8148","CARDIAC & CARDIOVASCULAR SYSTEMS - ESCI","18","N/A","N/A","0.05","91.18"%,
"Cardio-Oncology","CARDIO-ONCOLOGY","N/A","2057-3804","CARDIAC & CARDIOVASCULAR SYSTEMS - ESCI","196","N/A","N/A","0.47","100"%,
"JTCVS Techniques","JTCVS TECHNIQUES","2666-2507","2666-2507","CARDIAC & CARDIOVASCULAR SYSTEMS - ESCI","433","N/A","N/A","0.69","100"%,
"CVIR Endovascular","CVIR ENDOVASC","N/A","2520-8934","CARDIAC & CARDIOVASCULAR SYSTEMS - ESCI","261","N/A","N/A","0.26","99.03"%,
"Future Cardiology","FUTUR CARDIOL","1479-6678","1744-8298","CARDIAC & CARDIOVASCULAR SYSTEMS - ESCI","1,057","N/A","N/A","0.23","9.39"%,
"Cardiology Research","CARDIOL RES","1923-2829","1923-2837","CARDIAC & CARDIOVASCULAR SYSTEMS - ESCI","560","N/A","N/A","0.3","98.8"%,
"Heart International","HEART INT","2036-2579","2036-2579","CARDIAC & CARDIOVASCULAR SYSTEMS - ESCI","147","N/A","N/A","0.06","78.38"%,
"ARYA Atherosclerosis","ARYA ATHEROSCLER","1735-3955","2251-6638","CARDIAC & CARDIOVASCULAR SYSTEMS - ESCI","648","N/A","N/A","0.19","0"%,
"Aktuelle Kardiologie","AKTUELLE KARDIOL","2193-5203","2193-5211","CARDIAC & CARDIOVASCULAR SYSTEMS - ESCI","27","N/A","N/A","0.02","5.56"%,
"Indian Heart Journal","INDIAN HEART J","0019-4832","2213-3763","CARDIAC & CARDIOVASCULAR SYSTEMS - ESCI","2,380","N/A","N/A","0.31","99.38"%,
"Iranian Heart Journal","IRAN HEART J","1735-7306","1735-7306","CARDIAC & CARDIOVASCULAR SYSTEMS - ESCI","42","N/A","N/A","0.03","0"%,
"Journal of Arrhythmia","J ARRYTHM","1880-4276","1883-2148","CARDIAC & CARDIOVASCULAR SYSTEMS - ESCI","1,429","N/A","N/A","0.29","95.95"%,
"Cardiology and Therapy","CARDIOL THER","2193-8261","2193-6544","CARDIAC & CARDIOVASCULAR SYSTEMS - ESCI","457","N/A","N/A","0.5","99.17"%,
"Egyptian Heart Journal","EGYPT HEART J","1110-2608","2090-911X","CARDIAC & CARDIOVASCULAR SYSTEMS - ESCI","446","N/A","N/A","0.22","99.07"%,
"Insuficiencia Cardiaca","INSUF CARD","1850-1044","1852-3862","CARDIAC & CARDIOVASCULAR SYSTEMS - ESCI","38","N/A","N/A","0.03","0"%,
"Journal fur Hypertonie","J HYPERTON","1028-2327","1680-9378","CARDIAC & CARDIOVASCULAR SYSTEMS - ESCI","3","N/A","N/A","0","0"%,
"Nepalese Heart Journal","NEPAL HEART J","2091-2978","2091-2978","CARDIAC & CARDIOVASCULAR SYSTEMS - ESCI","58","N/A","N/A","0.08","88"%,
"Pakistan Heart Journal","PAK HEART J","0048-2706","2227-9199","CARDIAC & CARDIOVASCULAR SYSTEMS - ESCI","64","N/A","N/A","0.02","62.69"%,
"IJC Heart & Vasculature","IJC HEART VASC","N/A","2352-9067","CARDIAC & CARDIOVASCULAR SYSTEMS - ESCI","1,568","N/A","N/A","0.59","99.38"%,
"Journal fur Kardiologie","J KARDIOL","1024-0098","1680-936X","CARDIAC & CARDIOVASCULAR SYSTEMS - ESCI","38","N/A","N/A","0.06","0"%,
"CURRENT CARDIOLOGY REVIEWS","CURR CARDIOL REV","1573-403X","1875-6557","CARDIAC & CARDIOVASCULAR SYSTEMS - ESCI","1,798","N/A","N/A","0.41","0"%,
"Case Reports in Cardiology","CASE REP CARDIOL","2090-6404","2090-6412","CARDIAC & CARDIOVASCULAR SYSTEMS - ESCI","502","N/A","N/A","0.14","99.2"%,
"Echo Research and Practice","ECHO RES PRACT","2055-0464","2055-0464","CARDIAC & CARDIOVASCULAR SYSTEMS - ESCI","473","N/A","N/A","0.44","98.28"%,
"European Cardiology Review","EUR CARDIOL REV","1758-3756","1758-3756","CARDIAC & CARDIOVASCULAR SYSTEMS - ESCI","702","N/A","N/A","1.08","98.26"%,
"JRSM Cardiovascular Disease","JRSM CARDIOVASC DIS","N/A","2048-0040","CARDIAC & CARDIOVASCULAR SYSTEMS - ESCI","379","N/A","N/A","0.25","100"%,
"Journal of Echocardiography","J ECHOCARDIOGR","1349-0222","1880-344X","CARDIAC & CARDIOVASCULAR SYSTEMS - ESCI","365","N/A","N/A","0.34","13.21"%,
"World Journal of Cardiology","WORLD J CARDIOL","1949-8462","1949-8462","CARDIAC & CARDIOVASCULAR SYSTEMS - ESCI","1,916","N/A","N/A","0.35","98.63"%,
"Annals of Pediatric Cardiology","ANN PEDIAT CARDIOL","0974-2069","0974-5149","CARDIAC & CARDIOVASCULAR SYSTEMS - ESCI","686","N/A","N/A","0.17","92.89"%,
"Hipertension y Riesgo Vascular","HIPERTEN RIESGO VASC","1889-1837","1989-4805","CARDIAC & CARDIOVASCULAR SYSTEMS - ESCI","101","N/A","N/A","0.17","1.47"%,
"Giornale Italiano di Cardiologia","G ITAL CARDIOL","1827-6806","1972-6481","CARDIAC & CARDIOVASCULAR SYSTEMS - ESCI","704","N/A","N/A","0.17","0"%,
"ARCHIVOS DE CARDIOLOGIA DE MEXICO","ARCH CARDIOL MEX","1405-9940","1405-9940","CARDIAC & CARDIOVASCULAR SYSTEMS - ESCI","278","N/A","N/A","0.05","91.18"%,
"Current Cardiovascular Risk Reports","CURR CARDIOVASC RISK","1932-9520","1932-9563","CARDIAC & CARDIOVASCULAR SYSTEMS - ESCI","542","N/A","N/A","0.17","9.3"%,
"European Heart Journal-Case Reports","EUR HEART J-CASE REP","N/A","2514-2119","CARDIAC & CARDIOVASCULAR SYSTEMS - ESCI","784","N/A","N/A","0.17","99.45"%,
"Research in Cardiovascular Medicine","RES CARDIOVASC MED","2251-9572","2251-9580","CARDIAC & CARDIOVASCULAR SYSTEMS - ESCI","166","N/A","N/A","0.05","87.88"%,
"Journal of Cardiovascular Echography","J CARDIOVASC ECHOGR","2211-4122","2347-193X","CARDIAC & CARDIOVASCULAR SYSTEMS - ESCI","237","N/A","N/A","0.13","0"%,
"Open Cardiovascular Medicine Journal","OPEN CARDIOVASC MED","N/A","1874-1924","CARDIAC & CARDIOVASCULAR SYSTEMS - ESCI","425","N/A","N/A","0.3","100"%,
"Arrhythmia & Electrophysiology Review","ARRHYTH ELECTROPHYSI","2050-3369","2050-3377","CARDIAC & CARDIOVASCULAR SYSTEMS - ESCI","708","N/A","N/A","0.69","99.02"%,
"Clinical Medicine Insights-Cardiology","CLIN MED INSIGHTS-CA","1179-5468","1179-5468","CARDIAC & CARDIOVASCULAR SYSTEMS - ESCI","581","N/A","N/A","0.49","98.11"%,
"Journal of Cardiovascular Emergencies","J CARDIOVASC EMERG","2457-5518","2457-550X","CARDIAC & CARDIOVASCULAR SYSTEMS - ESCI","30","N/A","N/A","0.19","96.08"%,
"ASIAN CARDIOVASCULAR & THORACIC ANNALS","ASIAN CARD THORAC AN","0218-4923","1816-5370","CARDIAC & CARDIOVASCULAR SYSTEMS - ESCI","848","N/A","N/A","0.13","2.14"%,
"Journal of the Saudi Heart Association","J SAUDI HEART ASSOC","1016-7315","2212-5043","CARDIAC & CARDIOVASCULAR SYSTEMS - ESCI","448","N/A","N/A","0.17","94.67"%,
"Rational Pharmacotherapy in Cardiology","RATION PHARMACOTHER","1819-6446","2225-3653","CARDIAC & CARDIOVASCULAR SYSTEMS - ESCI","192","N/A","N/A","0.06","94.96"%,
"Expert Review of Cardiovascular Therapy","EXPERT REV CARDIOVAS","1477-9072","1744-8344","CARDIAC & CARDIOVASCULAR SYSTEMS - ESCI","2,600","N/A","N/A","0.39","5.47"%,
"Research Reports in Clinical Cardiology","RES REP CLIN CARDIOL","1179-8475","1179-8475","CARDIAC & CARDIOVASCULAR SYSTEMS - ESCI","70","N/A","N/A","0.09","90.48"%,
"Cardiovascular Endocrinology & Metabolism","CARDIOVASC ENDOCR ME","2574-0954","2574-0954","CARDIAC & CARDIOVASCULAR SYSTEMS - ESCI","158","N/A","N/A","0.41","20.27"%,
"Cardiovascular Revascularization Medicine","CARDIOVASC REVASCULA","1553-8389","1878-0938","CARDIAC & CARDIOVASCULAR SYSTEMS - ESCI","2,006","N/A","N/A","0.38","2.24"%,
"American Journal of Cardiovascular Disease","AM J CARDIOVASC DIS","2160-200X","2160-200X","CARDIAC & CARDIOVASCULAR SYSTEMS - ESCI","525","N/A","N/A","0.23","0"%,
"Cardiovascular Innovations and Applications","CARDIOVASC INNOV APP","2009-8618","2009-8782","CARDIAC & CARDIOVASCULAR SYSTEMS - ESCI","40","N/A","N/A","0.03","99"%,
"Cardiovascular Intervention and Therapeutics","CARDIOVASC INTERV TH","1868-4300","1868-4297","CARDIAC & CARDIOVASCULAR SYSTEMS - ESCI","765","N/A","N/A","0.58","17.74"%,
"International Cardiovascular Research Journal","INT CARDIOVASC RES J","2251-9130","2251-9149","CARDIAC & CARDIOVASCULAR SYSTEMS - ESCI","127","N/A","N/A","0.05","0"%,
"Therapeutic Advances in Cardiovascular Disease","THER ADV CARDIO DIS","1753-9447","1753-9455","CARDIAC & CARDIOVASCULAR SYSTEMS - ESCI","718","N/A","N/A","0.42","100"%,
"Archives of Cardiovascular Diseases Supplements","ARCH CARDIOVAS DIS S","1878-6480","1878-6502","CARDIAC & CARDIOVASCULAR SYSTEMS - ESCI","75","N/A","N/A","0","0"%,
"Journal Of Cardiovascular and Thoracic Research","J CARDIOVASC THORAC","2008-5117","2008-6830","CARDIAC & CARDIOVASCULAR SYSTEMS - ESCI","555","N/A","N/A","0.25","93.21"%,
"Zeitschrift fur Herz Thorax und Gefasschirurgie","Z HERZ THORAX GEFASS","0930-9225","1435-1277","CARDIAC & CARDIOVASCULAR SYSTEMS - ESCI","54","N/A","N/A","0.04","4.76"%,
"Revista de la Federacion Argentina de Cardiologia","REV FED ARGENT CARDI","0326-646X","1666-5694","CARDIAC & CARDIOVASCULAR SYSTEMS - ESCI","31","N/A","N/A","0.02","0"%,
"Journal of the Practice of Cardiovascular Sciences","J PRACT CARDIOVASC S","2395-5414","2454-2830","CARDIAC & CARDIOVASCULAR SYSTEMS - ESCI","97","N/A","N/A","0.05","76.56"%,
"Indian Journal of Vascular and Endovascular Surgery","INDIAN J VASCULAR EN","0972-0820","2394-0999","CARDIAC & CARDIOVASCULAR SYSTEMS - ESCI","30","N/A","N/A","0.05","81.34"%,
"Indian Journal of Thoracic and Cardiovascular Surgery","INDIAN J THORAC CARD","0970-9134","0973-7723","CARDIAC & CARDIOVASCULAR SYSTEMS - ESCI","272","N/A","N/A","0.06","3.82"%,
"World Journal for Pediatric and Congenital Heart Surgery","WORLD J PEDIATR CONG","2150-1351","2150-0136","CARDIAC & CARDIOVASCULAR SYSTEMS - ESCI","1,227","N/A","N/A","0.22","3.62"%,

Copyright (c) 2022 Clarivate 
By exporting the selected data; you agree to the data usage policy set forth in the Terms of Use 
